{
  "version": 1,
  "author": "Zara",
  "editor": "wokwi",
  "parts": [
    {
      "type": "wokwi-pi-pico",
      "id": "pico",
      "top": 572.85,
      "left": 1376.4,
      "attrs": { "env": "micropython-20231005-v1.21.0" }
    },
    {
      "type": "wokwi-gate-and-2",
      "id": "and5",
      "top": 67.6,
      "left": 441.6,
      "rotate": 180,
      "attrs": {}
    },
    {
      "type": "wokwi-gate-and-2",
      "id": "and6",
      "top": 58,
      "left": 576,
      "rotate": 180,
      "attrs": {}
    },
    {
      "type": "wokwi-gate-and-2",
      "id": "and7",
      "top": 48.4,
      "left": 691.2,
      "rotate": 180,
      "attrs": {}
    },
    {
      "type": "wokwi-gate-and-2",
      "id": "and8",
      "top": 38.8,
      "left": 844.8,
      "rotate": 180,
      "attrs": {}
    },
    {
      "type": "wokwi-gate-xor-2",
      "id": "xor5",
      "top": 173,
      "left": 489.8,
      "rotate": 90,
      "attrs": {}
    },
    {
      "type": "wokwi-gate-xor-2",
      "id": "xor6",
      "top": 163.4,
      "left": 624.2,
      "rotate": 90,
      "attrs": {}
    },
    {
      "type": "wokwi-gate-xor-2",
      "id": "xor7",
      "top": 173,
      "left": 758.6,
      "rotate": 90,
      "attrs": {}
    },
    {
      "type": "wokwi-gate-xor-2",
      "id": "xor8",
      "top": 173,
      "left": 893,
      "rotate": 90,
      "attrs": {}
    },
    { "type": "wokwi-flip-flop-dsr", "id": "flop5", "top": 432, "left": 547.2, "attrs": {} },
    { "type": "wokwi-flip-flop-dsr", "id": "flop6", "top": 441.6, "left": 662.4, "attrs": {} },
    { "type": "wokwi-flip-flop-dsr", "id": "flop7", "top": 441.6, "left": 796.8, "attrs": {} },
    { "type": "wokwi-flip-flop-dsr", "id": "flop8", "top": 441.6, "left": 940.8, "attrs": {} },
    { "type": "wokwi-flip-flop-d", "id": "flop1", "top": -432, "left": 2947.2, "attrs": {} },
    { "type": "wokwi-flip-flop-d", "id": "flop2", "top": -364.8, "left": 2947.2, "attrs": {} },
    { "type": "wokwi-flip-flop-d", "id": "flop3", "top": -297.6, "left": 2947.2, "attrs": {} },
    { "type": "wokwi-flip-flop-d", "id": "flop4", "top": -230.4, "left": 2947.2, "attrs": {} },
    { "type": "wokwi-flip-flop-d", "id": "flop9", "top": -153.6, "left": 2947.2, "attrs": {} },
    { "type": "wokwi-flip-flop-d", "id": "flop10", "top": -86.4, "left": 2947.2, "attrs": {} },
    { "type": "wokwi-flip-flop-d", "id": "flop11", "top": -19.2, "left": 2937.6, "attrs": {} },
    { "type": "wokwi-flip-flop-d", "id": "flop12", "top": 48, "left": 2947.2, "attrs": {} },
    { "type": "wokwi-mux-2", "id": "mux1", "top": -460.8, "left": 2371.2, "attrs": {} },
    { "type": "wokwi-mux-2", "id": "mux2", "top": -364.8, "left": 2486.4, "attrs": {} },
    { "type": "wokwi-mux-2", "id": "mux3", "top": -307.2, "left": 2534.4, "attrs": {} },
    { "type": "wokwi-mux-2", "id": "mux4", "top": -249.6, "left": 2611.2, "attrs": {} },
    { "type": "wokwi-mux-2", "id": "mux5", "top": -172.8, "left": 2678.4, "attrs": {} },
    { "type": "wokwi-mux-2", "id": "mux6", "top": -105.6, "left": 2716.8, "attrs": {} },
    { "type": "wokwi-mux-2", "id": "mux7", "top": -28.8, "left": 2755.2, "attrs": {} },
    { "type": "wokwi-mux-2", "id": "mux8", "top": 38.4, "left": 2812.8, "attrs": {} },
    {
      "type": "wokwi-led",
      "id": "led2",
      "top": -474,
      "left": 3824.6,
      "attrs": { "color": "red", "flip": "" }
    },
    {
      "type": "wokwi-resistor",
      "id": "r2",
      "top": -437.65,
      "left": 3888,
      "attrs": { "value": "1000" }
    },
    {
      "type": "wokwi-led",
      "id": "led3",
      "top": -426,
      "left": 3824.6,
      "attrs": { "color": "red", "flip": "" }
    },
    {
      "type": "wokwi-resistor",
      "id": "r3",
      "top": -389.65,
      "left": 3888,
      "attrs": { "value": "1000" }
    },
    {
      "type": "wokwi-led",
      "id": "led4",
      "top": -378,
      "left": 3824.6,
      "attrs": { "color": "red", "flip": "" }
    },
    {
      "type": "wokwi-resistor",
      "id": "r4",
      "top": -341.65,
      "left": 3888,
      "attrs": { "value": "1000" }
    },
    {
      "type": "wokwi-led",
      "id": "led5",
      "top": -330,
      "left": 3824.6,
      "attrs": { "color": "red", "flip": "" }
    },
    {
      "type": "wokwi-resistor",
      "id": "r5",
      "top": -293.65,
      "left": 3888,
      "attrs": { "value": "1000" }
    },
    {
      "type": "wokwi-led",
      "id": "led6",
      "top": -282,
      "left": 3824.6,
      "attrs": { "color": "red", "flip": "" }
    },
    {
      "type": "wokwi-resistor",
      "id": "r6",
      "top": -245.65,
      "left": 3888,
      "attrs": { "value": "1000" }
    },
    {
      "type": "wokwi-led",
      "id": "led7",
      "top": -234,
      "left": 3824.6,
      "attrs": { "color": "red", "flip": "" }
    },
    {
      "type": "wokwi-resistor",
      "id": "r7",
      "top": -197.65,
      "left": 3888,
      "attrs": { "value": "1000" }
    },
    {
      "type": "wokwi-led",
      "id": "led8",
      "top": -186,
      "left": 3824.6,
      "attrs": { "color": "red", "flip": "" }
    },
    {
      "type": "wokwi-resistor",
      "id": "r8",
      "top": -149.65,
      "left": 3888,
      "attrs": { "value": "1000" }
    },
    {
      "type": "wokwi-led",
      "id": "led9",
      "top": -138,
      "left": 3824.6,
      "attrs": { "color": "red", "flip": "" }
    },
    {
      "type": "wokwi-resistor",
      "id": "r9",
      "top": -101.65,
      "left": 3888,
      "attrs": { "value": "1000" }
    },
    { "type": "wokwi-flip-flop-d", "id": "flop13", "top": 1017.6, "left": 1929.6, "attrs": {} },
    { "type": "wokwi-flip-flop-d", "id": "flop14", "top": 1084.8, "left": 1929.6, "attrs": {} },
    { "type": "wokwi-flip-flop-d", "id": "flop15", "top": 1152, "left": 1929.6, "attrs": {} },
    { "type": "wokwi-flip-flop-d", "id": "flop16", "top": 1219.2, "left": 1929.6, "attrs": {} },
    { "type": "wokwi-flip-flop-d", "id": "flop17", "top": 1296, "left": 1929.6, "attrs": {} },
    { "type": "wokwi-flip-flop-d", "id": "flop18", "top": 1363.2, "left": 1929.6, "attrs": {} },
    { "type": "wokwi-flip-flop-d", "id": "flop19", "top": 1430.4, "left": 1929.6, "attrs": {} },
    { "type": "wokwi-flip-flop-d", "id": "flop20", "top": 1497.6, "left": 1929.6, "attrs": {} },
    { "type": "wokwi-mux-2", "id": "mux9", "top": 1008, "left": 1603.2, "attrs": {} },
    { "type": "wokwi-mux-2", "id": "mux10", "top": 1075.2, "left": 1603.2, "attrs": {} },
    { "type": "wokwi-mux-2", "id": "mux11", "top": 1142.4, "left": 1603.2, "attrs": {} },
    { "type": "wokwi-mux-2", "id": "mux12", "top": 1209.6, "left": 1603.2, "attrs": {} },
    { "type": "wokwi-mux-2", "id": "mux13", "top": 1286.4, "left": 1603.2, "attrs": {} },
    { "type": "wokwi-mux-2", "id": "mux14", "top": 1353.6, "left": 1603.2, "attrs": {} },
    { "type": "wokwi-mux-2", "id": "mux15", "top": 1420.8, "left": 1603.2, "attrs": {} },
    { "type": "wokwi-mux-2", "id": "mux16", "top": 1488, "left": 1603.2, "attrs": {} },
    {
      "type": "wokwi-led",
      "id": "led18",
      "top": 1071.6,
      "left": 2240.6,
      "attrs": { "color": "red", "flip": "" }
    },
    {
      "type": "wokwi-resistor",
      "id": "r18",
      "top": 1107.95,
      "left": 2304,
      "attrs": { "value": "1000" }
    },
    {
      "type": "wokwi-led",
      "id": "led19",
      "top": 1119.6,
      "left": 2240.6,
      "attrs": { "color": "red", "flip": "" }
    },
    {
      "type": "wokwi-resistor",
      "id": "r19",
      "top": 1155.95,
      "left": 2313.6,
      "attrs": { "value": "1000" }
    },
    {
      "type": "wokwi-led",
      "id": "led20",
      "top": 1167.6,
      "left": 2240.6,
      "attrs": { "color": "red", "flip": "" }
    },
    {
      "type": "wokwi-resistor",
      "id": "r20",
      "top": 1203.95,
      "left": 2304,
      "attrs": { "value": "1000" }
    },
    {
      "type": "wokwi-led",
      "id": "led21",
      "top": 1215.6,
      "left": 2240.6,
      "attrs": { "color": "red", "flip": "" }
    },
    {
      "type": "wokwi-resistor",
      "id": "r21",
      "top": 1251.95,
      "left": 2304,
      "attrs": { "value": "1000" }
    },
    {
      "type": "wokwi-led",
      "id": "led22",
      "top": 1263.6,
      "left": 2240.6,
      "attrs": { "color": "red", "flip": "" }
    },
    {
      "type": "wokwi-resistor",
      "id": "r22",
      "top": 1299.95,
      "left": 2304,
      "attrs": { "value": "1000" }
    },
    {
      "type": "wokwi-led",
      "id": "led23",
      "top": 1311.6,
      "left": 2240.6,
      "attrs": { "color": "red", "flip": "" }
    },
    {
      "type": "wokwi-resistor",
      "id": "r23",
      "top": 1347.95,
      "left": 2304,
      "attrs": { "value": "1000" }
    },
    {
      "type": "wokwi-led",
      "id": "led24",
      "top": 1359.6,
      "left": 2240.6,
      "attrs": { "color": "red", "flip": "" }
    },
    {
      "type": "wokwi-resistor",
      "id": "r24",
      "top": 1395.95,
      "left": 2304,
      "attrs": { "value": "1000" }
    },
    {
      "type": "wokwi-led",
      "id": "led25",
      "top": 1407.6,
      "left": 2240.6,
      "attrs": { "color": "red", "flip": "" }
    },
    {
      "type": "wokwi-resistor",
      "id": "r25",
      "top": 1443.95,
      "left": 2304,
      "attrs": { "value": "1000" }
    },
    { "type": "wokwi-gnd", "id": "gnd3", "top": 1420.8, "left": 2169, "attrs": {} },
    { "type": "wokwi-gate-xor-2", "id": "xor1", "top": 1927.87, "left": 3679.2, "attrs": {} },
    { "type": "wokwi-gate-xor-2", "id": "xor2", "top": 1918.27, "left": 3544.8, "attrs": {} },
    { "type": "wokwi-gate-and-2", "id": "and21", "top": 2016, "left": 3561.6, "attrs": {} },
    { "type": "wokwi-gate-and-2", "id": "and22", "top": 2004.67, "left": 3717.6, "attrs": {} },
    { "type": "wokwi-gate-or-2", "id": "or1", "top": 2014.27, "left": 3861.6, "attrs": {} },
    { "type": "wokwi-gate-xor-2", "id": "xor3", "top": 1910.4, "left": 4176, "attrs": {} },
    { "type": "wokwi-gate-xor-2", "id": "xor4", "top": 1900.8, "left": 4041.6, "attrs": {} },
    { "type": "wokwi-gate-and-2", "id": "and23", "top": 1996.8, "left": 4060.8, "attrs": {} },
    { "type": "wokwi-gate-and-2", "id": "and24", "top": 1987.2, "left": 4214.4, "attrs": {} },
    { "type": "wokwi-gate-or-2", "id": "or2", "top": 1996.8, "left": 4358.4, "attrs": {} },
    { "type": "wokwi-gate-xor-2", "id": "xor9", "top": 1891.2, "left": 4684.8, "attrs": {} },
    { "type": "wokwi-gate-xor-2", "id": "xor10", "top": 1881.6, "left": 4550.4, "attrs": {} },
    { "type": "wokwi-gate-and-2", "id": "and25", "top": 1977.6, "left": 4569.6, "attrs": {} },
    { "type": "wokwi-gate-and-2", "id": "and26", "top": 1968, "left": 4723.2, "attrs": {} },
    { "type": "wokwi-gate-or-2", "id": "or3", "top": 1977.6, "left": 4867.2, "attrs": {} },
    { "type": "wokwi-gate-xor-2", "id": "xor11", "top": 1881.6, "left": 5174.4, "attrs": {} },
    { "type": "wokwi-gate-xor-2", "id": "xor12", "top": 1872, "left": 5040, "attrs": {} },
    { "type": "wokwi-gate-and-2", "id": "and27", "top": 1968, "left": 5059.2, "attrs": {} },
    { "type": "wokwi-gate-and-2", "id": "and28", "top": 1958.4, "left": 5212.8, "attrs": {} },
    { "type": "wokwi-gate-or-2", "id": "or4", "top": 1968, "left": 5356.8, "attrs": {} },
    { "type": "wokwi-gate-xor-2", "id": "xor13", "top": 1881.6, "left": 5750.4, "attrs": {} },
    { "type": "wokwi-gate-xor-2", "id": "xor14", "top": 1872, "left": 5616, "attrs": {} },
    { "type": "wokwi-gate-and-2", "id": "and29", "top": 1968, "left": 5635.2, "attrs": {} },
    { "type": "wokwi-gate-and-2", "id": "and30", "top": 1958.4, "left": 5788.8, "attrs": {} },
    { "type": "wokwi-gate-or-2", "id": "or5", "top": 1968, "left": 5932.8, "attrs": {} },
    { "type": "wokwi-gate-xor-2", "id": "xor15", "top": 1881.6, "left": 6278.4, "attrs": {} },
    { "type": "wokwi-gate-xor-2", "id": "xor16", "top": 1872, "left": 6144, "attrs": {} },
    { "type": "wokwi-gate-and-2", "id": "and31", "top": 1968, "left": 6163.2, "attrs": {} },
    { "type": "wokwi-gate-and-2", "id": "and32", "top": 1958.4, "left": 6316.8, "attrs": {} },
    { "type": "wokwi-gate-or-2", "id": "or6", "top": 1968, "left": 6460.8, "attrs": {} },
    { "type": "wokwi-gate-xor-2", "id": "xor17", "top": 1862.4, "left": 6883.2, "attrs": {} },
    { "type": "wokwi-gate-xor-2", "id": "xor18", "top": 1852.8, "left": 6748.8, "attrs": {} },
    { "type": "wokwi-gate-and-2", "id": "and33", "top": 1948.8, "left": 6768, "attrs": {} },
    { "type": "wokwi-gate-and-2", "id": "and34", "top": 1939.2, "left": 6921.6, "attrs": {} },
    { "type": "wokwi-gate-or-2", "id": "or7", "top": 1948.8, "left": 7065.6, "attrs": {} },
    { "type": "wokwi-gate-xor-2", "id": "xor19", "top": 1843.2, "left": 7449.6, "attrs": {} },
    { "type": "wokwi-gate-xor-2", "id": "xor20", "top": 1833.6, "left": 7315.2, "attrs": {} },
    { "type": "wokwi-gate-and-2", "id": "and35", "top": 1929.6, "left": 7334.4, "attrs": {} },
    { "type": "wokwi-gate-and-2", "id": "and36", "top": 1920, "left": 7488, "attrs": {} },
    { "type": "wokwi-gate-or-2", "id": "or8", "top": 1929.6, "left": 7632, "attrs": {} },
    { "type": "wokwi-dip-switch-8", "id": "sw1", "top": 1964.7, "left": 3303.9, "attrs": {} },
    { "type": "wokwi-dip-switch-8", "id": "sw2", "top": 2339.1, "left": 5291.1, "attrs": {} },
    { "type": "wokwi-dip-switch-8", "id": "sw3", "top": 1273.5, "left": 5156.7, "attrs": {} },
    {
      "type": "wokwi-led",
      "id": "led1",
      "top": 1820.4,
      "left": 3824.6,
      "attrs": { "color": "red" }
    },
    {
      "type": "wokwi-led",
      "id": "led26",
      "top": 1810.8,
      "left": 4285.4,
      "attrs": { "color": "red" }
    },
    {
      "type": "wokwi-led",
      "id": "led27",
      "top": 1791.6,
      "left": 4775,
      "attrs": { "color": "red" }
    },
    {
      "type": "wokwi-led",
      "id": "led28",
      "top": 1782,
      "left": 5264.6,
      "attrs": { "color": "red" }
    },
    {
      "type": "wokwi-led",
      "id": "led29",
      "top": 1791.6,
      "left": 5850.2,
      "attrs": { "color": "red" }
    },
    {
      "type": "wokwi-led",
      "id": "led30",
      "top": 1801.2,
      "left": 6378.2,
      "attrs": { "color": "red" }
    },
    {
      "type": "wokwi-led",
      "id": "led31",
      "top": 1791.6,
      "left": 7031,
      "attrs": { "color": "red" }
    },
    {
      "type": "wokwi-led",
      "id": "led32",
      "top": 1762.8,
      "left": 7568.6,
      "attrs": { "color": "red" }
    },
    { "type": "wokwi-gnd", "id": "gnd1", "top": 1814.4, "left": 7573.8, "attrs": {} },
    { "type": "wokwi-gnd", "id": "gnd4", "top": 1843.2, "left": 7036.2, "attrs": {} },
    { "type": "wokwi-gnd", "id": "gnd5", "top": 1852.8, "left": 6373.8, "attrs": {} },
    { "type": "wokwi-gnd", "id": "gnd6", "top": 1852.8, "left": 5845.8, "attrs": {} },
    { "type": "wokwi-gnd", "id": "gnd7", "top": 1843.2, "left": 5260.2, "attrs": {} },
    { "type": "wokwi-gnd", "id": "gnd8", "top": 1852.8, "left": 4770.6, "attrs": {} },
    { "type": "wokwi-gnd", "id": "gnd9", "top": 1891.2, "left": 4281, "attrs": {} },
    { "type": "wokwi-gnd", "id": "gnd10", "top": 1881.6, "left": 3829.8, "attrs": {} },
    {
      "type": "wokwi-resistor",
      "id": "r1",
      "top": 2394.35,
      "left": 5232,
      "attrs": { "value": "1000" }
    },
    {
      "type": "wokwi-resistor",
      "id": "r26",
      "top": 2423.15,
      "left": 5241.6,
      "attrs": { "value": "1000" }
    },
    {
      "type": "wokwi-resistor",
      "id": "r27",
      "top": 2413.55,
      "left": 5251.2,
      "attrs": { "value": "1000" }
    },
    {
      "type": "wokwi-resistor",
      "id": "r28",
      "top": 2432.75,
      "left": 5260.8,
      "attrs": { "value": "1000" }
    },
    {
      "type": "wokwi-resistor",
      "id": "r29",
      "top": 2413.55,
      "left": 5376,
      "attrs": { "value": "1000" }
    },
    {
      "type": "wokwi-resistor",
      "id": "r30",
      "top": 2442.35,
      "left": 5347.2,
      "attrs": { "value": "1000" }
    },
    {
      "type": "wokwi-resistor",
      "id": "r31",
      "top": 2375.15,
      "left": 5424,
      "attrs": { "value": "1000" }
    },
    {
      "type": "wokwi-resistor",
      "id": "r32",
      "top": 2490.35,
      "left": 5260.8,
      "attrs": { "value": "1000" }
    },
    { "type": "wokwi-gnd", "id": "gnd11", "top": 2342.4, "left": 5097, "attrs": {} },
    {
      "type": "wokwi-resistor",
      "id": "r33",
      "top": 1299.95,
      "left": 4953.6,
      "attrs": { "value": "1000" }
    },
    {
      "type": "wokwi-resistor",
      "id": "r34",
      "top": 1347.95,
      "left": 5088,
      "attrs": { "value": "1000" }
    },
    {
      "type": "wokwi-resistor",
      "id": "r35",
      "top": 1376.75,
      "left": 5107.2,
      "attrs": { "value": "1000" }
    },
    {
      "type": "wokwi-resistor",
      "id": "r36",
      "top": 1405.55,
      "left": 5088,
      "attrs": { "value": "1000" }
    },
    {
      "type": "wokwi-resistor",
      "id": "r37",
      "top": 1328.75,
      "left": 5251.2,
      "attrs": { "value": "1000" }
    },
    {
      "type": "wokwi-resistor",
      "id": "r38",
      "top": 1376.75,
      "left": 5251.2,
      "attrs": { "value": "1000" }
    },
    {
      "type": "wokwi-resistor",
      "id": "r39",
      "top": 1415.15,
      "left": 5241.6,
      "attrs": { "value": "1000" }
    },
    {
      "type": "wokwi-resistor",
      "id": "r40",
      "top": 1443.95,
      "left": 5241.6,
      "attrs": { "value": "1000" }
    },
    { "type": "wokwi-gnd", "id": "gnd12", "top": 1449.6, "left": 5068.2, "attrs": {} },
    {
      "type": "wokwi-led",
      "id": "led33",
      "top": 1820.4,
      "left": 7760.6,
      "attrs": { "color": "red" }
    },
    { "type": "wokwi-gnd", "id": "gnd13", "top": 1862.4, "left": 7737, "attrs": {} },
    { "type": "wokwi-gnd", "id": "gnd14", "top": 2083.2, "left": 3321, "attrs": {} },
    { "type": "wokwi-flip-flop-d", "id": "flop29", "top": -470.4, "left": 4742.4, "attrs": {} },
    { "type": "wokwi-flip-flop-d", "id": "flop30", "top": -566.4, "left": 4742.4, "attrs": {} },
    { "type": "wokwi-flip-flop-d", "id": "flop31", "top": -268.8, "left": 4742.4, "attrs": {} },
    { "type": "wokwi-flip-flop-d", "id": "flop32", "top": -316.8, "left": 4742.4, "attrs": {} },
    { "type": "wokwi-flip-flop-d", "id": "flop33", "top": -614.4, "left": 4742.4, "attrs": {} },
    { "type": "wokwi-flip-flop-d", "id": "flop34", "top": -364.8, "left": 4742.4, "attrs": {} },
    { "type": "wokwi-flip-flop-d", "id": "flop35", "top": -422.4, "left": 4742.4, "attrs": {} },
    { "type": "wokwi-flip-flop-d", "id": "flop36", "top": -518.4, "left": 4742.4, "attrs": {} },
    { "type": "wokwi-gate-and-2", "id": "and37", "top": -374.4, "left": 4636.8, "attrs": {} },
    { "type": "wokwi-gate-and-2", "id": "and38", "top": -278.4, "left": 4636.8, "attrs": {} },
    { "type": "wokwi-gate-and-2", "id": "and39", "top": -326.4, "left": 4636.8, "attrs": {} },
    { "type": "wokwi-gate-and-2", "id": "and40", "top": -432, "left": 4636.8, "attrs": {} },
    { "type": "wokwi-gate-and-2", "id": "and41", "top": -480, "left": 4636.8, "attrs": {} },
    { "type": "wokwi-gate-and-2", "id": "and42", "top": -528, "left": 4636.8, "attrs": {} },
    { "type": "wokwi-gate-and-2", "id": "and43", "top": -576, "left": 4636.8, "attrs": {} },
    { "type": "wokwi-gate-and-2", "id": "and44", "top": -624, "left": 4636.8, "attrs": {} },
    {
      "type": "wokwi-7segment",
      "id": "sevseg1",
      "top": -503.82,
      "left": 4987.48,
      "attrs": { "common": "cathode" }
    },
    {
      "type": "wokwi-7segment",
      "id": "sevseg2",
      "top": -503.82,
      "left": 5333.08,
      "attrs": { "common": "cathode" }
    },
    {
      "type": "wokwi-7segment",
      "id": "sevseg3",
      "top": -503.82,
      "left": 5275.48,
      "attrs": { "common": "cathode" }
    },
    {
      "type": "wokwi-7segment",
      "id": "sevseg4",
      "top": -503.82,
      "left": 5217.88,
      "attrs": { "common": "cathode" }
    },
    {
      "type": "wokwi-7segment",
      "id": "sevseg5",
      "top": -503.82,
      "left": 5160.28,
      "attrs": { "common": "cathode" }
    },
    {
      "type": "wokwi-7segment",
      "id": "sevseg6",
      "top": -503.82,
      "left": 5102.68,
      "attrs": { "common": "cathode" }
    },
    {
      "type": "wokwi-7segment",
      "id": "sevseg7",
      "top": -503.82,
      "left": 5045.08,
      "attrs": { "common": "cathode" }
    },
    {
      "type": "wokwi-7segment",
      "id": "sevseg8",
      "top": -503.82,
      "left": 5390.68,
      "attrs": { "common": "cathode" }
    },
    { "type": "wokwi-gate-or-2", "id": "or9", "top": -528, "left": 4848, "attrs": {} },
    { "type": "wokwi-gate-or-2", "id": "or10", "top": -268.8, "left": 4896, "attrs": {} },
    { "type": "wokwi-gate-or-2", "id": "or11", "top": -364.8, "left": 4896, "attrs": {} },
    { "type": "wokwi-gate-or-2", "id": "or12", "top": -316.8, "left": 4896, "attrs": {} },
    { "type": "wokwi-gate-or-2", "id": "or13", "top": -662.4, "left": 4915.2, "attrs": {} },
    { "type": "wokwi-gate-or-2", "id": "or14", "top": -480, "left": 4857.6, "attrs": {} },
    { "type": "wokwi-gate-or-2", "id": "or15", "top": -614.4, "left": 4915.2, "attrs": {} },
    { "type": "wokwi-gate-or-2", "id": "or16", "top": -432, "left": 4867.2, "attrs": {} },
    { "type": "wokwi-gate-not", "id": "not10", "top": 1603.2, "left": 1584, "attrs": {} },
    { "type": "wokwi-gnd", "id": "gnd2", "top": -28.8, "left": 3820.2, "attrs": {} },
    { "type": "wokwi-gate-and-2", "id": "and1", "top": -729.6, "left": 1449.6, "attrs": {} },
    { "type": "wokwi-gate-and-2", "id": "and2", "top": -643.2, "left": 1449.6, "attrs": {} },
    { "type": "wokwi-gate-not", "id": "not1", "top": -739.2, "left": 1315.2, "attrs": {} },
    { "type": "wokwi-gate-and-2", "id": "and3", "top": -537.6, "left": 1440, "attrs": {} },
    { "type": "wokwi-gate-and-2", "id": "and4", "top": -451.2, "left": 1440, "attrs": {} },
    { "type": "wokwi-gate-not", "id": "not2", "top": -547.2, "left": 1305.6, "attrs": {} },
    { "type": "wokwi-gate-and-2", "id": "and9", "top": -336, "left": 1459.2, "attrs": {} },
    { "type": "wokwi-gate-and-2", "id": "and10", "top": -249.6, "left": 1459.2, "attrs": {} },
    { "type": "wokwi-gate-not", "id": "not3", "top": -345.6, "left": 1324.8, "attrs": {} },
    { "type": "wokwi-gate-and-2", "id": "and11", "top": -144, "left": 1449.6, "attrs": {} },
    { "type": "wokwi-gate-and-2", "id": "and12", "top": -57.6, "left": 1449.6, "attrs": {} },
    { "type": "wokwi-gate-not", "id": "not4", "top": -153.6, "left": 1315.2, "attrs": {} },
    { "type": "wokwi-gate-and-2", "id": "and13", "top": -1132.8, "left": 1449.6, "attrs": {} },
    { "type": "wokwi-gate-and-2", "id": "and14", "top": -1046.4, "left": 1449.6, "attrs": {} },
    { "type": "wokwi-gate-not", "id": "not5", "top": -1142.4, "left": 1315.2, "attrs": {} },
    { "type": "wokwi-gate-and-2", "id": "and15", "top": -940.8, "left": 1440, "attrs": {} },
    { "type": "wokwi-gate-and-2", "id": "and16", "top": -854.4, "left": 1440, "attrs": {} },
    { "type": "wokwi-gate-not", "id": "not6", "top": -950.4, "left": 1305.6, "attrs": {} },
    { "type": "wokwi-gate-and-2", "id": "and17", "top": 67.2, "left": 1449.6, "attrs": {} },
    { "type": "wokwi-gate-and-2", "id": "and18", "top": 153.6, "left": 1449.6, "attrs": {} },
    { "type": "wokwi-gate-not", "id": "not7", "top": 57.6, "left": 1315.2, "attrs": {} },
    { "type": "wokwi-gate-and-2", "id": "and19", "top": 259.2, "left": 1440, "attrs": {} },
    { "type": "wokwi-gate-and-2", "id": "and20", "top": 345.6, "left": 1440, "attrs": {} },
    { "type": "wokwi-gate-not", "id": "not8", "top": 249.6, "left": 1305.6, "attrs": {} },
    { "type": "wokwi-gnd", "id": "gnd15", "top": -403.2, "left": 5404.2, "attrs": {} },
    { "type": "wokwi-vcc", "id": "vcc1", "top": -709.64, "left": 4627.2, "attrs": {} }
  ],
  "connections": [
    [ "and8:OUT", "and7:B", "green", [ "v0" ] ],
    [ "and7:OUT", "and6:B", "green", [ "v0" ] ],
    [ "and6:OUT", "and5:B", "green", [ "v0" ] ],
    [ "xor5:B", "and5:B", "green", [ "v-48" ] ],
    [ "xor6:B", "and6:B", "green", [ "v0" ] ],
    [ "xor7:B", "and7:B", "green", [ "v0" ] ],
    [ "xor8:B", "and8:B", "green", [ "v0" ] ],
    [ "and7:A", "flop7:Q", "green", [ "h67.2", "v355.2", "h38.4" ] ],
    [ "xor7:A", "and7:A", "green", [ "v0" ] ],
    [ "and6:A", "flop6:Q", "green", [ "h38.4", "v28.8", "h38.4" ] ],
    [ "xor6:A", "and6:A", "green", [ "v0" ] ],
    [ "and5:A", "flop5:Q", "green", [ "h57.6", "v48", "h38.4" ] ],
    [ "xor5:A", "and5:A", "green", [ "v0" ] ],
    [ "and8:A", "flop8:Q", "green", [ "h0" ] ],
    [ "xor8:A", "and8:A", "green", [ "v0" ] ],
    [ "xor5:OUT", "flop5:D", "green", [ "v0" ] ],
    [ "xor6:OUT", "flop6:D", "green", [ "v0" ] ],
    [ "xor7:OUT", "flop7:D", "green", [ "v0" ] ],
    [ "xor8:OUT", "flop8:D", "green", [ "v0" ] ],
    [ "pico:GP2", "and8:B", "orange", [ "h-297.6", "v-576" ] ],
    [ "pico:GP0", "flop8:CLK", "white", [ "h0" ] ],
    [ "flop8:CLK", "flop7:CLK", "white", [ "h0", "v57.6", "h-144" ] ],
    [ "flop7:CLK", "flop6:CLK", "white", [ "h0", "v48", "h-134.4" ] ],
    [ "flop6:CLK", "flop5:CLK", "white", [ "h0", "v48", "h-134.4" ] ],
    [ "pico:GP1", "flop8:R", "black", [ "h0" ] ],
    [ "flop8:R", "flop7:R", "black", [ "h0" ] ],
    [ "flop7:R", "flop6:R", "black", [ "h0" ] ],
    [ "flop6:R", "flop5:R", "black", [ "h0" ] ],
    [ "mux1:OUT", "flop1:D", "green", [ "v0" ] ],
    [ "mux2:OUT", "flop2:D", "green", [ "v0", "h240" ] ],
    [ "mux3:OUT", "flop3:D", "green", [ "v0" ] ],
    [ "mux4:OUT", "flop4:D", "green", [ "v0" ] ],
    [ "mux8:OUT", "flop12:D", "green", [ "v0" ] ],
    [ "mux7:OUT", "flop11:D", "green", [ "v0" ] ],
    [ "mux6:OUT", "flop10:D", "green", [ "v0" ] ],
    [ "mux5:OUT", "flop9:D", "green", [ "v0" ] ],
    [ "led2:A", "r2:1", "green", [ "v0" ] ],
    [ "led3:A", "r3:1", "green", [ "v0" ] ],
    [ "led4:A", "r4:1", "green", [ "v0" ] ],
    [ "led5:A", "r5:1", "green", [ "v0" ] ],
    [ "led6:A", "r6:1", "green", [ "v0" ] ],
    [ "led7:A", "r7:1", "green", [ "v0" ] ],
    [ "led8:A", "r8:1", "green", [ "v0" ] ],
    [ "led9:A", "r9:1", "green", [ "v0" ] ],
    [ "pico:GP10", "flop8:Q", "green", [ "h0" ] ],
    [ "flop7:Q", "pico:GP11", "green", [ "v0" ] ],
    [ "pico:GP12", "flop6:Q", "green", [ "h0" ] ],
    [ "flop5:Q", "pico:GP13", "green", [ "v0" ] ],
    [ "mux9:OUT", "flop13:D", "green", [ "v0" ] ],
    [ "mux10:OUT", "flop14:D", "green", [ "v0", "h240" ] ],
    [ "mux11:OUT", "flop15:D", "green", [ "v0" ] ],
    [ "mux12:OUT", "flop16:D", "green", [ "v0" ] ],
    [ "mux16:OUT", "flop20:D", "green", [ "v0" ] ],
    [ "mux15:OUT", "flop19:D", "green", [ "v0" ] ],
    [ "mux14:OUT", "flop18:D", "green", [ "v0" ] ],
    [ "mux13:OUT", "flop17:D", "green", [ "v0" ] ],
    [ "flop13:Q", "mux9:A", "cyan", [ "v-28.8", "h-422.4" ] ],
    [ "flop14:Q", "mux10:A", "cyan", [ "v-28.8", "h-422.4" ] ],
    [ "flop15:Q", "mux11:A", "cyan", [ "v-28.8", "h-422.4" ] ],
    [ "flop16:Q", "mux12:A", "cyan", [ "v-28.8", "h-422.4" ] ],
    [ "flop17:Q", "mux13:A", "cyan", [ "v-28.8", "h-422.4" ] ],
    [ "flop18:Q", "mux14:A", "cyan", [ "v-28.8", "h-422.4" ] ],
    [ "flop19:Q", "mux15:A", "cyan", [ "v-28.8", "h-422.4" ] ],
    [ "flop20:Q", "mux16:A", "cyan", [ "v-28.8", "h-422.4" ] ],
    [ "led18:A", "r18:1", "green", [ "v0" ] ],
    [ "led19:A", "r19:1", "green", [ "v0" ] ],
    [ "led20:A", "r20:1", "green", [ "v0" ] ],
    [ "led21:A", "r21:1", "green", [ "v0" ] ],
    [ "led22:A", "r22:1", "green", [ "v0" ] ],
    [ "led23:A", "r23:1", "green", [ "v0" ] ],
    [ "led24:A", "r24:1", "green", [ "v0" ] ],
    [ "led25:A", "r25:1", "green", [ "v0" ] ],
    [ "gnd3:GND", "led25:C", "black", [ "v0" ] ],
    [ "gnd3:GND", "led24:C", "black", [ "v0" ] ],
    [ "gnd3:GND", "led23:C", "black", [ "v0" ] ],
    [ "gnd3:GND", "led22:C", "black", [ "v0" ] ],
    [ "gnd3:GND", "led21:C", "black", [ "v0" ] ],
    [ "gnd3:GND", "led20:C", "black", [ "v0" ] ],
    [ "gnd3:GND", "led19:C", "black", [ "v0" ] ],
    [ "gnd3:GND", "led18:C", "black", [ "v0" ] ],
    [ "flop20:Q", "r25:2", "green", [ "v0", "h412.8" ] ],
    [ "flop19:Q", "r24:2", "green", [ "v-19.2", "h355.2" ] ],
    [ "flop18:Q", "r23:2", "green", [ "v0", "h355.2" ] ],
    [ "flop17:Q", "r22:2", "green", [ "v9.6", "h345.6" ] ],
    [ "flop16:Q", "r21:2", "green", [ "v0", "h345.6" ] ],
    [ "flop15:Q", "r20:2", "green", [ "v19.2", "h336" ] ],
    [ "flop14:Q", "r19:2", "green", [ "v0", "h211.2", "v48", "h134.4" ] ],
    [ "flop13:Q", "r18:2", "green", [ "v0", "h336" ] ],
    [ "xor2:OUT", "xor1:A", "green", [ "v0", "h38.4" ] ],
    [ "and22:A", "xor2:OUT", "green", [ "h-76.8", "v-76.8" ] ],
    [ "and22:OUT", "or1:A", "green", [ "v0", "h48" ] ],
    [ "and21:OUT", "or1:B", "green", [ "v28.8", "h201.6" ] ],
    [ "xor4:OUT", "xor3:A", "green", [ "v0", "h38.4" ] ],
    [ "and24:A", "xor4:OUT", "green", [ "h-76.8", "v-76.8" ] ],
    [ "and24:OUT", "or2:A", "green", [ "v0", "h48" ] ],
    [ "and23:OUT", "or2:B", "green", [ "v28.8", "h201.6" ] ],
    [ "xor10:OUT", "xor9:A", "green", [ "v0", "h38.4" ] ],
    [ "and26:A", "xor10:OUT", "green", [ "h-76.8", "v-76.8" ] ],
    [ "and26:OUT", "or3:A", "green", [ "v0", "h48" ] ],
    [ "and25:OUT", "or3:B", "green", [ "v28.8", "h201.6" ] ],
    [ "xor12:OUT", "xor11:A", "green", [ "v0", "h38.4" ] ],
    [ "and28:A", "xor12:OUT", "green", [ "h-76.8", "v-76.8" ] ],
    [ "and28:OUT", "or4:A", "green", [ "v0", "h48" ] ],
    [ "and27:OUT", "or4:B", "green", [ "v28.8", "h201.6" ] ],
    [ "xor14:OUT", "xor13:A", "green", [ "v0", "h38.4" ] ],
    [ "and30:A", "xor14:OUT", "green", [ "h-76.8", "v-76.8" ] ],
    [ "and30:OUT", "or5:A", "green", [ "v0", "h48" ] ],
    [ "and29:OUT", "or5:B", "green", [ "v28.8", "h201.6" ] ],
    [ "xor16:OUT", "xor15:A", "green", [ "v0", "h38.4" ] ],
    [ "and32:A", "xor16:OUT", "green", [ "h-76.8", "v-76.8" ] ],
    [ "and32:OUT", "or6:A", "green", [ "v0", "h48" ] ],
    [ "and31:OUT", "or6:B", "green", [ "v28.8", "h201.6" ] ],
    [ "xor18:OUT", "xor17:A", "green", [ "v0", "h38.4" ] ],
    [ "and34:A", "xor18:OUT", "green", [ "h-76.8", "v-76.8" ] ],
    [ "and34:OUT", "or7:A", "green", [ "v0", "h48" ] ],
    [ "and33:OUT", "or7:B", "green", [ "v28.8", "h201.6" ] ],
    [ "xor20:OUT", "xor19:A", "green", [ "v0", "h38.4" ] ],
    [ "and36:A", "xor20:OUT", "green", [ "h-76.8", "v-76.8" ] ],
    [ "and36:OUT", "or8:A", "green", [ "v0", "h48" ] ],
    [ "and35:OUT", "or8:B", "green", [ "v28.8", "h201.6" ] ],
    [ "xor1:B", "and22:B", "yellow", [ "h-2.4", "v68.93" ] ],
    [ "or1:OUT", "and24:B", "yellow", [ "v40.13", "h256.8", "v-57.6" ] ],
    [ "or2:OUT", "and26:B", "yellow", [ "v57.6", "h268.8", "v-76.8" ] ],
    [ "or3:OUT", "and28:B", "yellow", [ "v67.2", "h278.4" ] ],
    [ "or4:OUT", "and30:B", "yellow", [ "v105.6", "h316.8" ] ],
    [ "or5:OUT", "and32:B", "yellow", [ "v76.8", "h307.2" ] ],
    [ "or6:OUT", "and34:B", "yellow", [ "v67.2", "h364.8" ] ],
    [ "or7:OUT", "and36:B", "yellow", [ "v105.6", "h259.2" ] ],
    [ "xor19:B", "and36:B", "yellow", [ "h0", "v67.2" ] ],
    [ "xor17:B", "and34:B", "yellow", [ "h0", "v76.8" ] ],
    [ "xor15:B", "and32:B", "yellow", [ "h0", "v76.8" ] ],
    [ "xor13:B", "and30:B", "yellow", [ "h0", "v67.2" ] ],
    [ "xor11:B", "and28:B", "yellow", [ "h-9.6", "v76.8" ] ],
    [ "xor9:B", "and26:B", "yellow", [ "h0", "v67.2" ] ],
    [ "xor3:B", "and24:B", "yellow", [ "h0", "v67.2" ] ],
    [ "sw1:7a", "and22:B", "yellow", [ "v76.8", "h355.2" ] ],
    [ "and21:A", "sw2:1a", "cyan", [ "h-60", "v424.13", "h1795.2" ] ],
    [ "and23:A", "sw2:2a", "cyan", [ "h-48", "v336", "h633.6", "v115.2", "h662.4" ] ],
    [ "and25:A", "sw2:3a", "cyan", [ "h-57.6", "v480", "h816" ] ],
    [ "and27:A", "sw2:4a", "cyan", [ "h-48", "v499.2", "h316.8" ] ],
    [ "and29:A", "sw2:5a", "cyan", [ "h-144", "v489.6", "h-153.6" ] ],
    [ "and31:A", "sw2:6a", "cyan", [ "h-115.2", "v499.2", "h-700.8" ] ],
    [ "and35:A", "sw2:8a", "cyan", [ "h-153.6", "v681.6", "h-345.6" ] ],
    [ "xor20:A", "and35:A", "cyan", [ "h-19.2", "v86.4" ] ],
    [ "sw2:7a", "and33:A", "cyan", [ "v115.2", "h1468.8", "v-288", "h-134.4", "v-201.6" ] ],
    [ "xor2:A", "and21:A", "cyan", [ "h-40.8", "v49.73" ] ],
    [ "xor4:A", "and23:A", "cyan", [ "h-28.8", "v67.2" ] ],
    [ "xor10:A", "and25:A", "cyan", [ "h-28.8", "v96" ] ],
    [ "xor12:A", "and27:A", "cyan", [ "h-28.8", "v86.4" ] ],
    [ "xor14:A", "and29:A", "cyan", [ "h-28.8", "v76.8" ] ],
    [ "xor16:A", "and31:A", "cyan", [ "h-28.8", "v76.8" ] ],
    [ "xor18:A", "and33:A", "cyan", [ "h-48", "v57.6" ] ],
    [ "xor2:B", "sw3:1a", "magenta", [ "h-79.2", "v-334.27", "h1699.2", "v-288" ] ],
    [ "xor4:B", "sw3:2a", "magenta", [ "h-134.4", "v-345.6", "h1267.2", "v-259.2" ] ],
    [ "xor10:B", "sw3:3a", "magenta", [ "h-67.2", "v-192", "h700.8", "v-268.8" ] ],
    [ "sw3:4a", "xor12:B", "magenta", [ "v384", "h-211.2", "v192", "h-9.6" ] ],
    [ "sw3:5a", "xor14:B", "magenta", [ "v268.8", "h336", "v278.4" ] ],
    [ "sw3:6a", "xor16:B", "magenta", [ "v249.6", "h739.2", "v230.4" ] ],
    [ "sw3:7a", "xor18:B", "magenta", [ "v240", "h1027.2", "v230.4", "h412.8", "v-57.6" ] ],
    [ "sw3:8a", "xor20:B", "magenta", [ "v220.8", "h825.6", "v28.8", "h1209.6", "v288" ] ],
    [ "xor2:B", "and21:B", "magenta", [ "h-2.4", "v107.33" ] ],
    [ "xor4:B", "and23:B", "magenta", [ "h9.6", "v96" ] ],
    [ "xor10:B", "and25:B", "magenta", [ "h0", "v96" ] ],
    [ "xor12:B", "and27:B", "magenta", [ "h0", "v96" ] ],
    [ "xor14:B", "and29:B", "magenta", [ "h-19.2", "v96" ] ],
    [ "xor16:B", "and31:B", "magenta", [ "h-9.6", "v67.2" ] ],
    [ "xor18:B", "and33:B", "magenta", [ "h-9.6", "v67.2" ] ],
    [ "xor20:B", "and35:B", "magenta", [ "h-9.6", "v105.6" ] ],
    [ "led1:A", "xor1:OUT", "green", [ "v0" ] ],
    [ "led26:A", "xor3:OUT", "green", [ "v0" ] ],
    [ "led27:A", "xor9:OUT", "green", [ "v0" ] ],
    [ "led28:A", "xor11:OUT", "green", [ "v0" ] ],
    [ "led29:A", "xor13:OUT", "green", [ "v0" ] ],
    [ "led30:A", "xor15:OUT", "green", [ "v0" ] ],
    [ "led31:A", "xor17:OUT", "green", [ "v0" ] ],
    [ "led32:A", "xor19:OUT", "green", [ "v0" ] ],
    [ "led32:C", "gnd1:GND", "green", [ "v0" ] ],
    [ "led31:C", "gnd4:GND", "green", [ "v0" ] ],
    [ "led30:C", "gnd5:GND", "green", [ "v0" ] ],
    [ "led29:C", "gnd6:GND", "green", [ "v0" ] ],
    [ "led28:C", "gnd7:GND", "green", [ "v0" ] ],
    [ "led27:C", "gnd8:GND", "green", [ "v0" ] ],
    [ "led26:C", "gnd9:GND", "green", [ "v0" ] ],
    [ "led1:C", "gnd10:GND", "green", [ "v0" ] ],
    [ "sw2:1a", "r1:2", "green", [ "v0" ] ],
    [ "sw2:2a", "r26:2", "green", [ "v0" ] ],
    [ "sw2:3a", "r27:2", "green", [ "v0" ] ],
    [ "sw2:4a", "r28:2", "green", [ "v0" ] ],
    [ "sw2:8a", "r29:2", "green", [ "v9.6", "h76.8" ] ],
    [ "sw2:7a", "r30:2", "green", [ "v38.4", "h28.8" ] ],
    [ "sw2:6a", "r31:2", "green", [ "h105.6", "v0", "h30" ] ],
    [ "sw2:5a", "r32:2", "green", [ "v0" ] ],
    [ "r31:1", "r29:1", "gray", [ "v28.8", "h-48" ] ],
    [ "r29:1", "r30:1", "gray", [ "v19.2", "h-28.8" ] ],
    [ "r30:1", "r32:1", "gray", [ "v38.4", "h-57.6" ] ],
    [ "r32:1", "r28:1", "gray", [ "v0" ] ],
    [ "r26:1", "r28:1", "gray", [ "v0" ] ],
    [ "r27:1", "r26:1", "gray", [ "v0", "h-9.6" ] ],
    [ "r27:1", "r1:1", "gray", [ "v-9.6", "h-28.8" ] ],
    [ "r1:1", "gnd11:GND", "gray", [ "v-28.8", "h0", "v-38.4", "h-67.2" ] ],
    [ "sw3:1a", "r33:2", "green", [ "v0", "h-48" ] ],
    [ "r34:2", "sw3:2a", "green", [ "v0", "h27.6" ] ],
    [ "sw3:3a", "r35:2", "green", [ "v0" ] ],
    [ "sw3:4a", "r36:2", "green", [ "v86.4", "h-46.8" ] ],
    [ "sw3:8a", "r37:2", "green", [ "v0", "h76.8" ] ],
    [ "sw3:7a", "r38:2", "green", [ "v28.8", "h67.2" ] ],
    [ "sw3:6a", "r39:2", "green", [ "v76.8", "h86.4" ] ],
    [ "sw3:5a", "r40:2", "green", [ "v115.2", "h48" ] ],
    [ "r40:1", "r39:1", "green", [ "v0" ] ],
    [ "r39:1", "r38:1", "green", [ "v0" ] ],
    [ "r38:1", "r37:1", "green", [ "v0" ] ],
    [ "r37:1", "r33:1", "green", [ "v-86.4", "h-9.6", "v-57.6", "h-124.8", "v76.8", "h-67.2" ] ],
    [ "r33:1", "r34:1", "green", [ "v0" ] ],
    [ "r34:1", "r35:1", "green", [ "v28.8", "h-9.6" ] ],
    [ "r35:1", "r36:1", "green", [ "v9.6", "h-28.8" ] ],
    [ "r36:1", "gnd12:GND", "green", [ "v0" ] ],
    [ "or8:OUT", "led33:A", "green", [ "v-38.4", "h76.8" ] ],
    [ "led33:C", "gnd13:GND", "green", [ "v0" ] ],
    [ "gnd14:GND", "sw1:7a", "black", [ "v-9.6" ] ],
    [ "and44:OUT", "flop33:D", "green", [ "v0" ] ],
    [ "and43:OUT", "flop30:D", "green", [ "v0" ] ],
    [ "and42:OUT", "flop36:D", "green", [ "v0" ] ],
    [ "and41:OUT", "flop29:D", "green", [ "v0" ] ],
    [ "and40:OUT", "flop35:D", "green", [ "v0" ] ],
    [ "and37:OUT", "flop34:D", "green", [ "v0" ] ],
    [ "and39:OUT", "flop32:D", "green", [ "v0" ] ],
    [ "and38:OUT", "flop31:D", "green", [ "v0" ] ],
    [ "flop31:CLK", "flop32:CLK", "white", [ "h0" ] ],
    [ "flop32:CLK", "flop34:CLK", "white", [ "h0" ] ],
    [ "flop34:CLK", "flop35:CLK", "white", [ "h0" ] ],
    [ "flop35:CLK", "flop29:CLK", "white", [ "h0" ] ],
    [ "flop29:CLK", "flop36:CLK", "white", [ "h0" ] ],
    [ "flop36:CLK", "flop30:CLK", "white", [ "h0" ] ],
    [ "flop30:CLK", "flop33:CLK", "white", [ "h0" ] ],
    [ "sevseg8:E", "sevseg8:D", "green", [ "v0" ] ],
    [ "sevseg8:E", "sevseg8:F", "green", [ "v0" ] ],
    [ "sevseg8:F", "sevseg8:A", "green", [ "v0" ] ],
    [ "flop35:NOTQ", "sevseg4:E", "orange", [ "h153.6", "v-28.8", "h230.4" ] ],
    [ "sevseg4:E", "sevseg4:D", "green", [ "v0" ] ],
    [ "sevseg4:E", "sevseg4:F", "green", [ "v0" ] ],
    [ "sevseg4:F", "sevseg4:A", "green", [ "v0" ] ],
    [ "flop34:NOTQ", "sevseg3:E", "red", [ "h9.6", "v-48", "h153.6", "v-28.8", "h278.4" ] ],
    [ "sevseg3:E", "sevseg3:D", "green", [ "v0" ] ],
    [ "sevseg3:E", "sevseg3:F", "green", [ "v0" ] ],
    [ "sevseg3:F", "sevseg3:A", "green", [ "v0" ] ],
    [ "flop32:NOTQ", "sevseg2:E", "#8f4814", [ "h19.2", "v-86.4", "h153.6", "v-28.8", "h326.4" ] ],
    [ "sevseg2:E", "sevseg2:D", "green", [ "v0" ] ],
    [ "sevseg2:E", "sevseg2:F", "green", [ "v0" ] ],
    [ "sevseg2:F", "sevseg2:A", "green", [ "v0" ] ],
    [ "flop31:NOTQ", "sevseg8:E", "black", [ "h28.8", "v-124.8", "h153.6", "v-28.8", "h384" ] ],
    [ "flop29:NOTQ", "sevseg5:F", "gold", [ "h144", "v-67.2", "h192" ] ],
    [ "sevseg5:F", "sevseg5:A", "green", [ "v0" ] ],
    [ "sevseg5:D", "sevseg5:E", "green", [ "v0" ] ],
    [ "sevseg5:E", "sevseg5:F", "green", [ "v0" ] ],
    [ "flop36:NOTQ", "sevseg6:F", "green", [ "h134.4", "v-28.8", "h144" ] ],
    [ "sevseg6:D", "sevseg6:E", "green", [ "v0" ] ],
    [ "sevseg6:E", "sevseg6:F", "green", [ "v0" ] ],
    [ "flop30:NOTQ", "sevseg7:F", "blue", [ "h134.4", "v9.6", "h86.4" ] ],
    [ "sevseg7:D", "sevseg7:E", "green", [ "v0" ] ],
    [ "sevseg7:E", "sevseg7:F", "green", [ "v0" ] ],
    [ "flop33:NOTQ", "sevseg1:F", "violet", [ "h19.2", "v38.4", "h124.8", "v9.6", "h19.2" ] ],
    [ "sevseg1:D", "sevseg1:E", "green", [ "v0" ] ],
    [ "sevseg1:E", "sevseg1:F", "green", [ "v0" ] ],
    [ "sevseg6:F", "sevseg6:A", "green", [ "v0" ] ],
    [ "sevseg7:F", "sevseg7:A", "green", [ "v0" ] ],
    [ "flop31:Q", "or10:A", "black", [ "v0" ] ],
    [ "flop31:NOTQ", "or10:B", "black", [ "h0" ] ],
    [ "flop32:NOTQ", "or12:B", "#8f4814", [ "h0" ] ],
    [ "flop32:Q", "or12:A", "#8f4814", [ "v0" ] ],
    [ "flop34:Q", "or11:A", "red", [ "v0" ] ],
    [ "flop34:NOTQ", "or11:B", "red", [ "h0" ] ],
    [ "or11:OUT", "sevseg3:C", "red", [ "v0", "h38.4", "v-38.4", "h278.4" ] ],
    [ "sevseg3:B", "sevseg3:C", "green", [ "v0" ] ],
    [ "or12:OUT", "sevseg2:C", "#8f4814", [ "v0", "h48", "v-76.8", "h278.4", "v-9.6", "h48" ] ],
    [ "sevseg2:B", "sevseg2:C", "green", [ "v0" ] ],
    [
      "or10:OUT",
      "sevseg8:C",
      "black",
      [ "v0", "h57.6", "v-115.2", "h278.4", "v-9.6", "h76.8", "v-48", "h19.2" ]
    ],
    [ "sevseg8:B", "sevseg8:C", "green", [ "v0" ] ],
    [ "flop35:NOTQ", "or16:B", "orange", [ "h0", "v-9.6" ] ],
    [ "flop35:Q", "or16:A", "orange", [ "v0", "h28.8" ] ],
    [ "or16:OUT", "sevseg4:B", "orange", [ "v-153.6", "h288", "v0", "h9.6" ] ],
    [ "sevseg4:B", "sevseg4:C", "green", [ "v0" ] ],
    [ "flop29:Q", "or14:A", "gold", [ "v0" ] ],
    [ "flop29:NOTQ", "or14:B", "gold", [ "h0" ] ],
    [ "or14:OUT", "sevseg5:B", "gold", [ "v-96", "h249.6" ] ],
    [ "sevseg5:B", "sevseg5:C", "green", [ "v0" ] ],
    [ "flop36:NOTQ", "or9:B", "green", [ "h0" ] ],
    [ "flop36:Q", "or9:A", "green", [ "v0" ] ],
    [ "or9:OUT", "sevseg6:B", "green", [ "v-67.2", "h201.6" ] ],
    [ "sevseg6:B", "sevseg6:C", "green", [ "v0" ] ],
    [ "flop30:NOTQ", "or15:B", "blue", [ "h0" ] ],
    [ "flop30:Q", "or15:A", "blue", [ "v0", "h67.2", "v-48" ] ],
    [ "or15:OUT", "sevseg7:B", "blue", [ "v0", "h67.2" ] ],
    [ "sevseg7:B", "sevseg7:C", "green", [ "v0" ] ],
    [ "flop33:NOTQ", "or13:B", "violet", [ "h19.2", "v-48", "h9.6" ] ],
    [ "flop33:Q", "or13:A", "violet", [ "v0", "h9.6", "v-48" ] ],
    [ "or13:OUT", "sevseg1:B", "violet", [ "v0", "h9.6" ] ],
    [ "sevseg1:B", "sevseg1:C", "green", [ "v0" ] ],
    [ "and38:A", "and39:A", "cyan", [ "h-19.2", "v-48" ] ],
    [ "and39:A", "and37:A", "cyan", [ "h-19.2", "v-48" ] ],
    [ "and37:A", "and40:A", "cyan", [ "h-19.2", "v-57.6" ] ],
    [ "and40:A", "and41:A", "cyan", [ "h-19.2", "v-48" ] ],
    [ "and41:A", "and42:A", "cyan", [ "h-19.2", "v-48" ] ],
    [ "and42:A", "and43:A", "cyan", [ "h-19.2", "v-48" ] ],
    [ "and43:A", "and44:A", "cyan", [ "h-19.2", "v-48" ] ],
    [ "sevseg1:F", "sevseg1:A", "green", [ "v0" ] ],
    [ "sevseg8:COM.1", "sevseg2:COM.1", "white", [ "h0" ] ],
    [ "sevseg2:COM.1", "sevseg3:COM.1", "white", [ "h0" ] ],
    [ "sevseg3:COM.1", "sevseg4:COM.1", "white", [ "h0" ] ],
    [ "sevseg4:COM.1", "sevseg5:COM.1", "white", [ "h0" ] ],
    [ "sevseg5:COM.1", "sevseg6:COM.1", "white", [ "h0" ] ],
    [ "sevseg6:COM.1", "sevseg7:COM.1", "white", [ "h0" ] ],
    [ "sevseg7:COM.1", "sevseg1:COM.1", "white", [ "h0" ] ],
    [ "pico:GP16", "mux16:B", "green", [ "v278.4", "h10.8", "v460.8" ] ],
    [ "pico:GP17", "mux15:B", "green", [ "h30", "v403.2" ] ],
    [ "pico:GP18", "mux14:B", "green", [ "h58.8", "v537.6" ] ],
    [ "pico:GP19", "mux13:B", "green", [ "h68.4", "v547.2", "h0", "v19.2" ] ],
    [ "pico:GP20", "mux12:B", "green", [ "h87.6", "v288" ] ],
    [ "pico:GP21", "mux11:B", "green", [ "h106.8", "v288" ] ],
    [ "pico:GP22", "mux10:B", "green", [ "h126", "v403.2" ] ],
    [ "pico:GP26", "mux9:B", "green", [ "h164.4", "v316.8" ] ],
    [ "pico:GP0", "flop20:CLK", "white", [ "h-67.2", "v988.8", "h739.2" ] ],
    [ "flop20:CLK", "flop19:CLK", "white", [ "h0" ] ],
    [ "flop19:CLK", "flop18:CLK", "white", [ "h0" ] ],
    [ "flop18:CLK", "flop17:CLK", "white", [ "h0" ] ],
    [ "flop17:CLK", "flop16:CLK", "white", [ "h0" ] ],
    [ "flop16:CLK", "flop15:CLK", "white", [ "h0" ] ],
    [ "flop15:CLK", "flop14:CLK", "white", [ "h0" ] ],
    [ "flop14:CLK", "flop13:CLK", "white", [ "h0" ] ],
    [ "mux16:SEL", "mux15:SEL", "orange", [ "v0" ] ],
    [ "mux15:SEL", "mux14:SEL", "orange", [ "v0" ] ],
    [ "mux14:SEL", "mux13:SEL", "orange", [ "v0" ] ],
    [ "mux13:SEL", "mux12:SEL", "orange", [ "v0" ] ],
    [ "mux12:SEL", "mux11:SEL", "orange", [ "v0" ] ],
    [ "mux11:SEL", "mux10:SEL", "orange", [ "v0" ] ],
    [ "mux10:SEL", "mux9:SEL", "orange", [ "v0" ] ],
    [ "pico:GP14", "mux8:SEL", "gold", [ "h-115.2", "v-259.2", "h9.6" ] ],
    [ "mux8:SEL", "mux7:SEL", "gold", [ "v0" ] ],
    [ "mux7:SEL", "mux6:SEL", "gold", [ "v0" ] ],
    [ "mux6:SEL", "mux5:SEL", "gold", [ "v0" ] ],
    [ "mux5:SEL", "mux4:SEL", "gold", [ "v0" ] ],
    [ "mux4:SEL", "mux3:SEL", "gold", [ "v0" ] ],
    [ "mux3:SEL", "mux2:SEL", "gold", [ "v0" ] ],
    [ "mux2:SEL", "mux1:SEL", "gold", [ "v0" ] ],
    [ "pico:GP0", "flop12:CLK", "white", [ "h364.8", "v-240", "h1180.8" ] ],
    [ "flop12:CLK", "flop11:CLK", "white", [ "h0" ] ],
    [ "flop11:CLK", "flop10:CLK", "white", [ "h0" ] ],
    [ "flop10:CLK", "flop9:CLK", "white", [ "h0" ] ],
    [ "flop9:CLK", "flop4:CLK", "green", [ "h0" ] ],
    [ "flop4:CLK", "flop3:CLK", "green", [ "h0" ] ],
    [ "flop3:CLK", "flop2:CLK", "green", [ "h0" ] ],
    [ "flop2:CLK", "flop1:CLK", "green", [ "h0" ] ],
    [ "not10:OUT", "mux16:SEL", "green", [ "v0", "h86.4" ] ],
    [ "pico:GND.4", "not10:IN", "black", [ "h9.6", "v873.6" ] ],
    [ "gnd2:GND", "led9:C", "black", [ "v0" ] ],
    [ "led9:C", "led8:C", "green", [ "v0" ] ],
    [ "led8:C", "led7:C", "green", [ "v0" ] ],
    [ "led7:C", "led6:C", "green", [ "v0" ] ],
    [ "led6:C", "led5:C", "green", [ "v0" ] ],
    [ "led5:C", "led4:C", "green", [ "v0" ] ],
    [ "led4:C", "led3:C", "green", [ "v0" ] ],
    [ "led3:C", "led2:C", "green", [ "v0" ] ],
    [ "xor1:OUT", "mux8:A", "violet", [ "v-497.47", "h-1010.4", "v-1190.4" ] ],
    [ "mux7:A", "xor3:OUT", "green", [ "h-19.2", "v1209.6", "h1555.2" ] ],
    [ "mux6:A", "xor9:OUT", "green", [ "h-19.2", "v1680", "h2112" ] ],
    [ "xor11:OUT", "mux5:A", "green", [ "v-230.4", "h-2620.8", "v-19.2" ] ],
    [ "xor13:OUT", "mux4:A", "green", [ "v-259.2", "h-3273.6", "v-1670.4" ] ],
    [ "xor15:OUT", "mux3:A", "green", [ "v-201.6", "h-3868.8", "v-1785.6" ] ],
    [ "mux2:A", "xor17:OUT", "green", [ "h-19.2", "v2044.8" ] ],
    [ "xor19:OUT", "mux1:A", "green", [ "v-230.4", "h-5155.2", "v-1699.2", "h-48", "v-172.8" ] ],
    [ "flop1:Q", "r2:2", "green", [ "v-67.2", "h902.4" ] ],
    [ "flop2:Q", "r3:2", "green", [ "v0" ] ],
    [ "flop3:Q", "r4:2", "green", [ "v0" ] ],
    [ "flop4:Q", "r5:2", "green", [ "v0" ] ],
    [ "flop9:Q", "r6:2", "green", [ "v0" ] ],
    [ "flop10:Q", "r7:2", "green", [ "v0" ] ],
    [ "flop11:Q", "r8:2", "green", [ "v-9.6", "h768", "v-115.2" ] ],
    [ "flop12:Q", "r9:2", "green", [ "v-9.6", "h902.4" ] ],
    [ "sw3:1b", "flop12:Q", "green", [ "v-710.1", "h-2121.6" ] ],
    [ "sw3:3b", "flop10:Q", "green", [ "v-748.5", "h-2140.8", "v-393.6" ] ],
    [ "sw3:5b", "flop4:Q", "green", [ "v-796.5", "h-2131.2", "v-489.6" ] ],
    [ "flop3:Q", "sw3:6b", "green", [ "v9.6", "h86.4", "v528", "h2121.6" ] ],
    [ "sw3:7b", "flop2:Q", "green", [ "v-834.9", "h-2044.8", "v-19.2" ] ],
    [ "flop1:NOTQ", "sw3:8b", "green", [ "h230.4", "v633.6", "h1996.8" ] ],
    [ "not1:OUT", "and1:A", "magenta", [ "v0" ] ],
    [ "not2:OUT", "and3:A", "magenta", [ "v0" ] ],
    [ "not3:OUT", "and9:A", "magenta", [ "v0" ] ],
    [ "not4:OUT", "and11:A", "magenta", [ "v0" ] ],
    [ "not5:OUT", "and13:A", "magenta", [ "v0" ] ],
    [ "not6:OUT", "and15:A", "magenta", [ "v0" ] ],
    [ "not7:OUT", "and17:A", "magenta", [ "v0" ] ],
    [ "not8:OUT", "and19:A", "magenta", [ "v0" ] ],
    [ "pico:GP3", "and20:B", "green", [ "h0" ] ],
    [ "and20:B", "and19:B", "green", [ "h-38.4", "v-86.4", "h9.6" ] ],
    [ "pico:GP4", "and18:B", "green", [ "h0", "v-451.2" ] ],
    [ "and18:B", "and17:B", "green", [ "h-38.4", "v-86.4" ] ],
    [ "pico:GP5", "and12:B", "green", [ "h-144", "v-662.4" ] ],
    [ "and12:B", "and11:B", "green", [ "h-57.6", "v-86.4", "h19.2" ] ],
    [ "pico:GP6", "and10:B", "green", [ "h-192", "v-883.2", "h28.8" ] ],
    [ "and10:B", "and9:B", "green", [ "h-38.4", "v-86.4" ] ],
    [ "pico:GP7", "and4:B", "green", [ "h-163.2", "v-1094.4" ] ],
    [ "and4:B", "and3:B", "green", [ "h-57.6", "v-86.4", "h19.2" ] ],
    [ "pico:GP8", "and2:B", "green", [ "h-211.2", "v-1296" ] ],
    [ "and2:B", "and1:B", "green", [ "h-48", "v-86.4", "h9.6" ] ],
    [ "pico:GP9", "and16:B", "green", [ "h-230.4", "v-1507.2", "h9.6" ] ],
    [ "and16:B", "and15:B", "green", [ "h-28.8", "v-86.4", "h-9.6" ] ],
    [ "pico:GP28", "and14:B", "green", [ "h-325.2", "v-1651.2" ] ],
    [ "and14:B", "and13:B", "green", [ "h-48", "v-86.4" ] ],
    [ "and20:A", "not8:IN", "gold", [ "h0" ] ],
    [ "not8:IN", "not7:IN", "green", [ "v0" ] ],
    [ "not8:IN", "and18:A", "green", [ "v0" ] ],
    [ "not7:IN", "not4:IN", "green", [ "v0" ] ],
    [ "not4:IN", "and12:A", "green", [ "v0" ] ],
    [ "not4:IN", "not3:IN", "green", [ "v0" ] ],
    [ "not3:IN", "and10:A", "green", [ "v0" ] ],
    [ "not3:IN", "not2:IN", "green", [ "v0" ] ],
    [ "not2:IN", "and4:A", "green", [ "v0" ] ],
    [ "not2:IN", "not1:IN", "green", [ "v0" ] ],
    [ "not1:IN", "and2:A", "green", [ "v0" ] ],
    [ "not1:IN", "not6:IN", "green", [ "v0" ] ],
    [ "not6:IN", "and16:A", "green", [ "v0" ] ],
    [ "not6:IN", "not5:IN", "green", [ "v0" ] ],
    [ "not5:IN", "and14:A", "green", [ "v0" ] ],
    [ "and20:OUT", "mux8:B", "red", [ "v0", "h182.4", "v-240", "h595.2" ] ],
    [ "mux7:B", "and18:OUT", "green", [ "h-1123.2", "v67.2" ] ],
    [ "mux6:B", "and12:OUT", "green", [ "h-1171.2", "v28.8" ] ],
    [ "and10:OUT", "mux5:B", "green", [ "v0" ] ],
    [ "mux4:B", "and4:OUT", "green", [ "h-700.8", "v-192" ] ],
    [ "mux3:B", "and2:OUT", "green", [ "h-499.2", "v-172.8" ] ],
    [ "mux2:B", "and16:OUT", "green", [ "h-345.6", "v-460.8", "h-9.6" ] ],
    [ "mux1:B", "and14:OUT", "green", [ "h-28.8", "v-585.6" ] ],
    [ "sw2:1b", "and19:OUT", "blue", [ "v-86.1", "h-2371.2", "v-1555.2", "h-1113.6", "v-432" ] ],
    [
      "sw2:2b",
      "and17:OUT",
      "green",
      [ "v-114.9", "h-2572.8", "v-1651.2", "h-796.8", "v-499.2" ]
    ],
    [
      "and11:OUT",
      "sw2:3b",
      "green",
      [ "v76.8", "h576", "v499.2", "h787.2", "v211.2", "h124.8", "v1545.6", "h2294.4" ]
    ],
    [ "sw2:4b", "and9:OUT", "green", [ "v-162.9", "h-2236.8", "v-1555.2", "h-1104", "v-9.6" ] ],
    [ "sw2:5b", "and3:OUT", "green", [ "v-182.1", "h-2371.2", "v-1478.4", "h-1084.8", "v-48" ] ],
    [
      "and1:OUT",
      "sw2:6b",
      "green",
      [ "v9.6", "h518.4", "v1459.2", "h1056", "v1382.4", "h2236.8" ]
    ],
    [
      "sw2:7b",
      "and15:OUT",
      "green",
      [ "v-220.5", "h-2457.6", "v-1584", "h-1123.2", "v-1468.8", "h-19.2" ]
    ],
    [
      "and13:OUT",
      "sw2:8b",
      "green",
      [ "v9.6", "h326.4", "v1872", "h1305.6", "v1334.4", "h2208" ]
    ],
    [ "flop11:Q", "sw3:2b", "green", [ "v-9.6", "h259.2", "v441.6", "h1872" ] ],
    [ "flop9:Q", "sw3:4b", "green", [ "v9.6", "h297.6", "v537.6", "h1852.8" ] ],
    [ "pico:GP15", "and20:A", "gold", [ "h-115.2", "v-9.6" ] ],
    [
      "flop31:CLK",
      "flop12:CLK",
      "white",
      [ "h0", "v9.6", "h-96", "v134.4", "h-691.2", "v201.6", "h-585.6", "v0", "h-422.4" ]
    ],
    [ "r9:2", "and38:B", "black", [ "v-9.6", "h-1.2" ] ],
    [ "r8:2", "and39:B", "#8f4814", [ "v28.8", "h661.2", "v-182.4" ] ],
    [ "r7:2", "and37:B", "red", [ "v0", "h8.4", "v67.2", "h643.2", "v-220.8" ] ],
    [ "r6:2", "and40:B", "orange", [ "v0", "h18", "v105.6", "h624", "v-268.8" ] ],
    [ "r5:2", "and41:B", "gold", [ "v0", "h27.6", "v144", "h604.8", "v-307.2" ] ],
    [ "r4:2", "and42:B", "green", [ "h37.2", "v182.4", "h585.6", "v-345.6" ] ],
    [ "r3:2", "and43:B", "blue", [ "v0", "h46.8", "v220.8", "h566.4", "v-384" ] ],
    [ "r2:2", "and44:B", "violet", [ "v0", "h56.4", "v259.2", "h547.2", "v-422.4" ] ],
    [ "sevseg8:COM.1", "gnd15:GND", "white", [ "h0" ] ],
    [ "and44:A", "vcc1:VCC", "green", [ "h0" ] ]
  ],
  "dependencies": {}
}