{
  "version": 1,
  "author": "Zara Masood",
  "editor": "wokwi",
  "parts": [
    { "type": "wokwi-arduino-uno", "id": "uno", "top": 115.8, "left": -567, "attrs": {} },
    { "type": "wokwi-gate-xor-2", "id": "xor1", "top": -124.8, "left": -105.6, "attrs": {} },
    { "type": "wokwi-gate-and-2", "id": "and1", "top": -76.8, "left": -105.6, "attrs": {} },
    { "type": "wokwi-gate-and-2", "id": "and2", "top": 518.4, "left": -124.8, "attrs": {} },
    { "type": "wokwi-gate-and-2", "id": "and3", "top": 307.2, "left": -115.2, "attrs": {} },
    { "type": "wokwi-gate-and-2", "id": "and4", "top": 115.2, "left": -105.6, "attrs": {} },
    { "type": "wokwi-gate-xor-2", "id": "xor2", "top": 57.6, "left": -105.6, "attrs": {} },
    { "type": "wokwi-gate-xor-2", "id": "xor3", "top": 249.6, "left": -115.2, "attrs": {} },
    { "type": "wokwi-gate-xor-2", "id": "xor4", "top": 460.8, "left": -124.8, "attrs": {} },
    { "type": "wokwi-flip-flop-d", "id": "flop1", "top": -124.8, "left": 192, "attrs": {} },
    { "type": "wokwi-flip-flop-d", "id": "flop2", "top": 86.4, "left": 192, "attrs": {} },
    { "type": "wokwi-flip-flop-d", "id": "flop3", "top": 278.4, "left": 192, "attrs": {} },
    { "type": "wokwi-flip-flop-d", "id": "flop4", "top": 508.8, "left": 192, "attrs": {} },
    {
      "type": "wokwi-resistor",
      "id": "r1",
      "top": 800.75,
      "left": 19.2,
      "attrs": { "value": "1000" }
    },
    {
      "type": "wokwi-led",
      "id": "led1",
      "top": 764.4,
      "left": -82.6,
      "attrs": { "color": "red" }
    },
    { "type": "wokwi-gate-or-2", "id": "or1", "top": -355.2, "left": -211.2, "attrs": {} },
    { "type": "wokwi-gate-or-2", "id": "or4", "top": -537.6, "left": -220.8, "attrs": {} },
    { "type": "wokwi-gate-or-2", "id": "or5", "top": -480, "left": -211.2, "attrs": {} },
    { "type": "wokwi-gate-or-2", "id": "or6", "top": -422.4, "left": -211.2, "attrs": {} },
    {
      "type": "wokwi-led",
      "id": "led2",
      "top": -526.4,
      "left": 455.4,
      "rotate": 180,
      "attrs": { "color": "red" }
    },
    {
      "type": "wokwi-led",
      "id": "led3",
      "top": -468.8,
      "left": 455.4,
      "rotate": 180,
      "attrs": { "color": "red" }
    },
    {
      "type": "wokwi-led",
      "id": "led4",
      "top": -411.2,
      "left": 445.8,
      "rotate": 180,
      "attrs": { "color": "red" }
    },
    {
      "type": "wokwi-led",
      "id": "led5",
      "top": -344,
      "left": 445.8,
      "rotate": 180,
      "attrs": { "color": "red" }
    },
    {
      "type": "wokwi-gnd",
      "id": "gnd1",
      "top": -555.4,
      "left": 460.6,
      "rotate": 180,
      "attrs": {}
    },
    {
      "type": "wokwi-gnd",
      "id": "gnd2",
      "top": -488.2,
      "left": 470.2,
      "rotate": 180,
      "attrs": {}
    },
    {
      "type": "wokwi-gnd",
      "id": "gnd3",
      "top": -430.6,
      "left": 460.6,
      "rotate": 180,
      "attrs": {}
    },
    { "type": "wokwi-gnd", "id": "gnd4", "top": -373, "left": 451, "rotate": 180, "attrs": {} },
    { "type": "wokwi-gate-or-2", "id": "or2", "top": -595.2, "left": -220.8, "attrs": {} },
    {
      "type": "wokwi-led",
      "id": "led6",
      "top": -584,
      "left": 455.4,
      "rotate": 180,
      "attrs": { "color": "red" }
    },
    {
      "type": "wokwi-gnd",
      "id": "gnd5",
      "top": -603.4,
      "left": 470.2,
      "rotate": 180,
      "attrs": {}
    },
    { "type": "wokwi-gate-or-2", "id": "or3", "top": -700.8, "left": -230.4, "attrs": {} },
    {
      "type": "wokwi-led",
      "id": "led7",
      "top": -689.6,
      "left": 465,
      "rotate": 180,
      "attrs": { "color": "red" }
    },
    {
      "type": "wokwi-gnd",
      "id": "gnd6",
      "top": -699.4,
      "left": 470.2,
      "rotate": 180,
      "attrs": {}
    },
    { "type": "wokwi-gate-or-2", "id": "or7", "top": -643.2, "left": -220.8, "attrs": {} },
    {
      "type": "wokwi-led",
      "id": "led8",
      "top": -632,
      "left": 455.4,
      "rotate": 180,
      "attrs": { "color": "red" }
    },
    {
      "type": "wokwi-gnd",
      "id": "gnd7",
      "top": -670.6,
      "left": 479.8,
      "rotate": 180,
      "attrs": {}
    },
    { "type": "wokwi-gate-or-2", "id": "or8", "top": -748.8, "left": -240, "attrs": {} },
    {
      "type": "wokwi-led",
      "id": "led9",
      "top": -737.6,
      "left": 474.6,
      "rotate": 180,
      "attrs": { "color": "red" }
    },
    { "type": "wokwi-gnd", "id": "gnd8", "top": -757, "left": 479.8, "rotate": 180, "attrs": {} },
    { "type": "wokwi-flip-flop-d", "id": "flop5", "top": -1104, "left": -537.6, "attrs": {} },
    { "type": "wokwi-flip-flop-d", "id": "flop6", "top": -883.2, "left": -547.2, "attrs": {} },
    { "type": "wokwi-flip-flop-d", "id": "flop7", "top": -950.4, "left": -547.2, "attrs": {} },
    { "type": "wokwi-flip-flop-d", "id": "flop8", "top": -1027.2, "left": -537.6, "attrs": {} },
    {
      "type": "wokwi-pushbutton",
      "id": "btn1",
      "top": -166.6,
      "left": -297.6,
      "attrs": { "color": "green" }
    },
    { "type": "wokwi-flip-flop-d", "id": "flop9", "top": -1123.2, "left": 115.2, "attrs": {} },
    { "type": "wokwi-flip-flop-d", "id": "flop10", "top": -1219.2, "left": 115.2, "attrs": {} },
    { "type": "wokwi-flip-flop-d", "id": "flop11", "top": -921.6, "left": 115.2, "attrs": {} },
    { "type": "wokwi-flip-flop-d", "id": "flop12", "top": -969.6, "left": 115.2, "attrs": {} },
    { "type": "wokwi-flip-flop-d", "id": "flop13", "top": -1267.2, "left": 115.2, "attrs": {} },
    { "type": "wokwi-flip-flop-d", "id": "flop14", "top": -1017.6, "left": 115.2, "attrs": {} },
    { "type": "wokwi-flip-flop-d", "id": "flop15", "top": -1075.2, "left": 115.2, "attrs": {} },
    { "type": "wokwi-flip-flop-d", "id": "flop16", "top": -1171.2, "left": 115.2, "attrs": {} },
    { "type": "wokwi-gate-and-2", "id": "and5", "top": -1027.2, "left": 9.6, "attrs": {} },
    { "type": "wokwi-gate-and-2", "id": "and6", "top": -931.2, "left": 9.6, "attrs": {} },
    { "type": "wokwi-gate-and-2", "id": "and7", "top": -979.2, "left": 9.6, "attrs": {} },
    { "type": "wokwi-gate-and-2", "id": "and8", "top": -1084.8, "left": 9.6, "attrs": {} },
    { "type": "wokwi-gate-and-2", "id": "and9", "top": -1132.8, "left": 9.6, "attrs": {} },
    { "type": "wokwi-gate-and-2", "id": "and10", "top": -1180.8, "left": 9.6, "attrs": {} },
    { "type": "wokwi-gate-and-2", "id": "and11", "top": -1228.8, "left": 9.6, "attrs": {} },
    { "type": "wokwi-gate-and-2", "id": "and12", "top": -1276.8, "left": 9.6, "attrs": {} },
    {
      "type": "wokwi-7segment",
      "id": "sevseg1",
      "top": -1156.62,
      "left": 360.28,
      "attrs": { "common": "cathode" }
    },
    {
      "type": "wokwi-7segment",
      "id": "sevseg2",
      "top": -1156.62,
      "left": 705.88,
      "attrs": { "common": "cathode" }
    },
    {
      "type": "wokwi-7segment",
      "id": "sevseg3",
      "top": -1156.62,
      "left": 648.28,
      "attrs": { "common": "cathode" }
    },
    {
      "type": "wokwi-7segment",
      "id": "sevseg4",
      "top": -1156.62,
      "left": 590.68,
      "attrs": { "common": "cathode" }
    },
    {
      "type": "wokwi-7segment",
      "id": "sevseg5",
      "top": -1156.62,
      "left": 533.08,
      "attrs": { "common": "cathode" }
    },
    {
      "type": "wokwi-7segment",
      "id": "sevseg6",
      "top": -1156.62,
      "left": 475.48,
      "attrs": { "common": "cathode" }
    },
    {
      "type": "wokwi-7segment",
      "id": "sevseg7",
      "top": -1156.62,
      "left": 417.88,
      "attrs": { "common": "cathode" }
    },
    {
      "type": "wokwi-7segment",
      "id": "sevseg8",
      "top": -1156.62,
      "left": 763.48,
      "attrs": { "common": "cathode" }
    },
    { "type": "wokwi-gate-or-2", "id": "or9", "top": -1180.8, "left": 220.8, "attrs": {} },
    { "type": "wokwi-gate-or-2", "id": "or10", "top": -921.6, "left": 268.8, "attrs": {} },
    { "type": "wokwi-gate-or-2", "id": "or11", "top": -1017.6, "left": 268.8, "attrs": {} },
    { "type": "wokwi-gate-or-2", "id": "or12", "top": -969.6, "left": 268.8, "attrs": {} },
    { "type": "wokwi-gate-or-2", "id": "or13", "top": -1315.2, "left": 288, "attrs": {} },
    { "type": "wokwi-gate-or-2", "id": "or14", "top": -1132.8, "left": 230.4, "attrs": {} },
    { "type": "wokwi-gate-or-2", "id": "or15", "top": -1267.2, "left": 288, "attrs": {} },
    { "type": "wokwi-gate-or-2", "id": "or16", "top": -1084.8, "left": 240, "attrs": {} },
    { "type": "wokwi-flip-flop-d", "id": "flop17", "top": -365.2, "left": -2113.62, "attrs": {} },
    { "type": "wokwi-flip-flop-d", "id": "flop18", "top": -307.6, "left": -2113.62, "attrs": {} },
    { "type": "wokwi-flip-flop-d", "id": "flop19", "top": -240, "left": -2092.8, "attrs": {} },
    { "type": "wokwi-flip-flop-d", "id": "flop20", "top": -173.2, "left": -2113.62, "attrs": {} },
    { "type": "wokwi-flip-flop-d", "id": "flop21", "top": -115.6, "left": -2113.62, "attrs": {} },
    { "type": "wokwi-flip-flop-d", "id": "flop22", "top": -48.4, "left": -2123.22, "attrs": {} },
    { "type": "wokwi-flip-flop-d", "id": "flop23", "top": 57.2, "left": -2113.62, "attrs": {} },
    { "type": "wokwi-flip-flop-d", "id": "flop24", "top": 9.2, "left": -2113.62, "attrs": {} },
    {
      "type": "wokwi-led",
      "id": "led10",
      "top": 73.2,
      "left": -1839,
      "attrs": { "color": "red", "flip": "1" }
    },
    { "type": "wokwi-gate-and-2", "id": "and13", "top": -125.2, "left": -2276.82, "attrs": {} },
    { "type": "wokwi-gate-and-2", "id": "and14", "top": -38.4, "left": -1987.2, "attrs": {} },
    { "type": "wokwi-gate-and-2", "id": "and15", "top": -58, "left": -2267.22, "attrs": {} },
    { "type": "wokwi-gate-and-2", "id": "and16", "top": -0.4, "left": -2267.22, "attrs": {} },
    { "type": "wokwi-gate-and-2", "id": "and17", "top": 47.6, "left": -2267.22, "attrs": {} },
    { "type": "wokwi-gate-and-2", "id": "and18", "top": -374.8, "left": -2276.82, "attrs": {} },
    { "type": "wokwi-gate-and-2", "id": "and19", "top": -317.2, "left": -2276.82, "attrs": {} },
    { "type": "wokwi-gate-and-2", "id": "and20", "top": -250, "left": -2276.82, "attrs": {} },
    { "type": "wokwi-gate-and-2", "id": "and21", "top": -182.8, "left": -2276.82, "attrs": {} },
    { "type": "wokwi-gate-and-2", "id": "and22", "top": 86.4, "left": -1977.6, "attrs": {} },
    { "type": "wokwi-gate-and-2", "id": "and23", "top": 19.2, "left": -1977.6, "attrs": {} },
    {
      "type": "wokwi-led",
      "id": "led11",
      "top": 6,
      "left": -1839,
      "attrs": { "color": "red", "flip": "1" }
    },
    {
      "type": "wokwi-led",
      "id": "led12",
      "top": -42,
      "left": -1848.6,
      "attrs": { "color": "red", "flip": "1" }
    },
    { "type": "wokwi-gate-and-2", "id": "and24", "top": -96, "left": -1977.6, "attrs": {} },
    {
      "type": "wokwi-led",
      "id": "led13",
      "top": -99.6,
      "left": -1848.6,
      "attrs": { "color": "red", "flip": "1" }
    },
    { "type": "wokwi-gate-and-2", "id": "and25", "top": -365.2, "left": -1969.62, "attrs": {} },
    { "type": "wokwi-gate-and-2", "id": "and26", "top": -307.6, "left": -1960.02, "attrs": {} },
    { "type": "wokwi-gate-and-2", "id": "and27", "top": -259.2, "left": -1958.4, "attrs": {} },
    { "type": "wokwi-gate-and-2", "id": "and28", "top": -201.6, "left": -1958.4, "attrs": {} },
    {
      "type": "wokwi-led",
      "id": "led14",
      "top": -378.4,
      "left": -1802.22,
      "attrs": { "color": "red", "flip": "1" }
    },
    {
      "type": "wokwi-led",
      "id": "led15",
      "top": -320.8,
      "left": -1802.22,
      "attrs": { "color": "red", "flip": "1" }
    },
    {
      "type": "wokwi-led",
      "id": "led16",
      "top": -263.2,
      "left": -1802.22,
      "attrs": { "color": "red", "flip": "1" }
    },
    {
      "type": "wokwi-led",
      "id": "led17",
      "top": -214.8,
      "left": -1791,
      "attrs": { "color": "red", "flip": "1" }
    },
    { "type": "wokwi-vcc", "id": "vcc1", "top": 77.56, "left": -2352, "attrs": {} },
    { "type": "wokwi-vcc", "id": "vcc2", "top": 115.96, "left": -2025.6, "attrs": {} },
    { "type": "wokwi-gnd", "id": "gnd9", "top": -345.6, "left": -1747.8, "attrs": {} },
    { "type": "wokwi-gnd", "id": "gnd10", "top": -57.6, "left": -1795.8, "attrs": {} },
    { "type": "wokwi-flip-flop-d", "id": "flop25", "top": -144, "left": 1468.8, "attrs": {} },
    { "type": "wokwi-flip-flop-d", "id": "flop26", "top": -76.8, "left": 1468.8, "attrs": {} },
    { "type": "wokwi-flip-flop-d", "id": "flop27", "top": -9.6, "left": 1468.8, "attrs": {} },
    { "type": "wokwi-flip-flop-d", "id": "flop28", "top": 57.6, "left": 1468.8, "attrs": {} },
    { "type": "wokwi-flip-flop-d", "id": "flop29", "top": 134.4, "left": 1468.8, "attrs": {} },
    { "type": "wokwi-flip-flop-d", "id": "flop30", "top": 201.6, "left": 1468.8, "attrs": {} },
    { "type": "wokwi-flip-flop-d", "id": "flop31", "top": 268.8, "left": 1468.8, "attrs": {} },
    { "type": "wokwi-flip-flop-d", "id": "flop32", "top": 336, "left": 1468.8, "attrs": {} },
    {
      "type": "wokwi-resistor",
      "id": "r2",
      "top": 426.35,
      "left": 1190.4,
      "attrs": { "value": "1000" }
    },
    {
      "type": "wokwi-led",
      "id": "led18",
      "top": 390,
      "left": 1107.8,
      "attrs": { "color": "red" }
    },
    { "type": "wokwi-gnd", "id": "gnd11", "top": 441.6, "left": 1113, "attrs": {} },
    { "type": "wokwi-mux-2", "id": "mux1", "top": -153.6, "left": 1142.4, "attrs": {} },
    {
      "type": "wokwi-pushbutton",
      "id": "btn2",
      "top": -185.8,
      "left": 1008,
      "attrs": { "color": "green" }
    },
    { "type": "wokwi-vcc", "id": "vcc3", "top": -229.64, "left": 1075.2, "attrs": {} },
    { "type": "wokwi-mux-2", "id": "mux2", "top": -86.4, "left": 1142.4, "attrs": {} },
    { "type": "wokwi-mux-2", "id": "mux3", "top": -19.2, "left": 1142.4, "attrs": {} },
    { "type": "wokwi-mux-2", "id": "mux4", "top": 48, "left": 1142.4, "attrs": {} },
    { "type": "wokwi-mux-2", "id": "mux5", "top": 124.8, "left": 1142.4, "attrs": {} },
    { "type": "wokwi-mux-2", "id": "mux6", "top": 192, "left": 1142.4, "attrs": {} },
    { "type": "wokwi-mux-2", "id": "mux7", "top": 259.2, "left": 1142.4, "attrs": {} },
    { "type": "wokwi-mux-2", "id": "mux8", "top": 326.4, "left": 1142.4, "attrs": {} },
    {
      "type": "wokwi-pushbutton",
      "id": "btn3",
      "top": -262.6,
      "left": 1622.4,
      "attrs": { "color": "green" }
    },
    { "type": "wokwi-vcc", "id": "vcc12", "top": -287.24, "left": 1708.8, "attrs": {} },
    { "type": "wokwi-gate-not", "id": "not1", "top": -192, "left": 1766.4, "attrs": {} },
    { "type": "wokwi-gate-and-2", "id": "and29", "top": -182.4, "left": 1881.6, "attrs": {} },
    { "type": "wokwi-gate-and-2", "id": "and30", "top": -124.8, "left": 1881.6, "attrs": {} },
    { "type": "wokwi-gate-not", "id": "not2", "top": -48, "left": 1766.4, "attrs": {} },
    { "type": "wokwi-gate-and-2", "id": "and31", "top": -38.4, "left": 1881.6, "attrs": {} },
    { "type": "wokwi-gate-and-2", "id": "and32", "top": 19.2, "left": 1881.6, "attrs": {} },
    { "type": "wokwi-gate-not", "id": "not3", "top": 76.8, "left": 1766.4, "attrs": {} },
    { "type": "wokwi-gate-and-2", "id": "and33", "top": 86.4, "left": 1881.6, "attrs": {} },
    { "type": "wokwi-gate-and-2", "id": "and34", "top": 144, "left": 1881.6, "attrs": {} },
    { "type": "wokwi-gate-not", "id": "not4", "top": 220.8, "left": 1766.4, "attrs": {} },
    { "type": "wokwi-gate-and-2", "id": "and35", "top": 230.4, "left": 1881.6, "attrs": {} },
    { "type": "wokwi-gate-and-2", "id": "and36", "top": 288, "left": 1881.6, "attrs": {} },
    { "type": "wokwi-gate-not", "id": "not5", "top": 364.8, "left": 1766.4, "attrs": {} },
    { "type": "wokwi-gate-and-2", "id": "and37", "top": 374.4, "left": 1881.6, "attrs": {} },
    { "type": "wokwi-gate-and-2", "id": "and38", "top": 432, "left": 1881.6, "attrs": {} },
    { "type": "wokwi-gate-not", "id": "not6", "top": 508.8, "left": 1766.4, "attrs": {} },
    { "type": "wokwi-gate-and-2", "id": "and39", "top": 518.4, "left": 1881.6, "attrs": {} },
    { "type": "wokwi-gate-and-2", "id": "and40", "top": 576, "left": 1881.6, "attrs": {} },
    { "type": "wokwi-gate-not", "id": "not7", "top": 633.6, "left": 1766.4, "attrs": {} },
    { "type": "wokwi-gate-and-2", "id": "and41", "top": 643.2, "left": 1881.6, "attrs": {} },
    { "type": "wokwi-gate-and-2", "id": "and42", "top": 700.8, "left": 1881.6, "attrs": {} },
    { "type": "wokwi-gate-not", "id": "not8", "top": 777.6, "left": 1766.4, "attrs": {} },
    { "type": "wokwi-gate-and-2", "id": "and43", "top": 787.2, "left": 1881.6, "attrs": {} },
    { "type": "wokwi-gate-and-2", "id": "and44", "top": 844.8, "left": 1881.6, "attrs": {} },
    {
      "type": "wokwi-led",
      "id": "led27",
      "top": 274.8,
      "left": 2355.8,
      "attrs": { "color": "red", "flip": "" }
    },
    {
      "type": "wokwi-resistor",
      "id": "r11",
      "top": 311.15,
      "left": 2419.2,
      "attrs": { "value": "1000" }
    },
    {
      "type": "wokwi-led",
      "id": "led28",
      "top": 322.8,
      "left": 2355.8,
      "attrs": { "color": "red", "flip": "" }
    },
    {
      "type": "wokwi-resistor",
      "id": "r12",
      "top": 359.15,
      "left": 2419.2,
      "attrs": { "value": "1000" }
    },
    {
      "type": "wokwi-led",
      "id": "led29",
      "top": 370.8,
      "left": 2355.8,
      "attrs": { "color": "red", "flip": "" }
    },
    {
      "type": "wokwi-resistor",
      "id": "r13",
      "top": 407.15,
      "left": 2419.2,
      "attrs": { "value": "1000" }
    },
    {
      "type": "wokwi-led",
      "id": "led30",
      "top": 418.8,
      "left": 2355.8,
      "attrs": { "color": "red", "flip": "" }
    },
    {
      "type": "wokwi-resistor",
      "id": "r14",
      "top": 455.15,
      "left": 2419.2,
      "attrs": { "value": "1000" }
    },
    {
      "type": "wokwi-led",
      "id": "led31",
      "top": 466.8,
      "left": 2355.8,
      "attrs": { "color": "red", "flip": "" }
    },
    {
      "type": "wokwi-resistor",
      "id": "r15",
      "top": 503.15,
      "left": 2419.2,
      "attrs": { "value": "1000" }
    },
    {
      "type": "wokwi-led",
      "id": "led32",
      "top": 514.8,
      "left": 2355.8,
      "attrs": { "color": "red", "flip": "" }
    },
    {
      "type": "wokwi-resistor",
      "id": "r16",
      "top": 551.15,
      "left": 2419.2,
      "attrs": { "value": "1000" }
    },
    {
      "type": "wokwi-led",
      "id": "led33",
      "top": 562.8,
      "left": 2355.8,
      "attrs": { "color": "red", "flip": "" }
    },
    {
      "type": "wokwi-resistor",
      "id": "r17",
      "top": 599.15,
      "left": 2419.2,
      "attrs": { "value": "1000" }
    },
    {
      "type": "wokwi-led",
      "id": "led34",
      "top": 610.8,
      "left": 2355.8,
      "attrs": { "color": "red", "flip": "" }
    },
    {
      "type": "wokwi-resistor",
      "id": "r18",
      "top": 647.15,
      "left": 2419.2,
      "attrs": { "value": "1000" }
    },
    { "type": "wokwi-gnd", "id": "gnd12", "top": 259.2, "left": 2284.2, "attrs": {} },
    {
      "type": "wokwi-led",
      "id": "led19",
      "top": -166.8,
      "left": 2355.8,
      "attrs": { "color": "red", "flip": "" }
    },
    {
      "type": "wokwi-resistor",
      "id": "r3",
      "top": -130.45,
      "left": 2419.2,
      "attrs": { "value": "1000" }
    },
    {
      "type": "wokwi-led",
      "id": "led20",
      "top": -118.8,
      "left": 2355.8,
      "attrs": { "color": "red", "flip": "" }
    },
    {
      "type": "wokwi-resistor",
      "id": "r4",
      "top": -82.45,
      "left": 2419.2,
      "attrs": { "value": "1000" }
    },
    {
      "type": "wokwi-led",
      "id": "led21",
      "top": -70.8,
      "left": 2355.8,
      "attrs": { "color": "red", "flip": "" }
    },
    {
      "type": "wokwi-resistor",
      "id": "r5",
      "top": -34.45,
      "left": 2419.2,
      "attrs": { "value": "1000" }
    },
    {
      "type": "wokwi-led",
      "id": "led22",
      "top": -22.8,
      "left": 2355.8,
      "attrs": { "color": "red", "flip": "" }
    },
    {
      "type": "wokwi-resistor",
      "id": "r6",
      "top": 13.55,
      "left": 2419.2,
      "attrs": { "value": "1000" }
    },
    {
      "type": "wokwi-led",
      "id": "led23",
      "top": 25.2,
      "left": 2355.8,
      "attrs": { "color": "red", "flip": "" }
    },
    {
      "type": "wokwi-resistor",
      "id": "r7",
      "top": 61.55,
      "left": 2419.2,
      "attrs": { "value": "1000" }
    },
    {
      "type": "wokwi-led",
      "id": "led24",
      "top": 73.2,
      "left": 2355.8,
      "attrs": { "color": "red", "flip": "" }
    },
    {
      "type": "wokwi-resistor",
      "id": "r8",
      "top": 109.55,
      "left": 2419.2,
      "attrs": { "value": "1000" }
    },
    {
      "type": "wokwi-led",
      "id": "led25",
      "top": 121.2,
      "left": 2355.8,
      "attrs": { "color": "red", "flip": "" }
    },
    {
      "type": "wokwi-resistor",
      "id": "r9",
      "top": 157.55,
      "left": 2419.2,
      "attrs": { "value": "1000" }
    },
    {
      "type": "wokwi-led",
      "id": "led26",
      "top": 169.2,
      "left": 2355.8,
      "attrs": { "color": "red", "flip": "" }
    },
    {
      "type": "wokwi-resistor",
      "id": "r10",
      "top": 205.55,
      "left": 2419.2,
      "attrs": { "value": "1000" }
    },
    { "type": "wokwi-flip-flop-d", "id": "flop33", "top": 1296, "left": 1459.2, "attrs": {} },
    { "type": "wokwi-flip-flop-d", "id": "flop34", "top": 1363.2, "left": 1459.2, "attrs": {} },
    { "type": "wokwi-flip-flop-d", "id": "flop35", "top": 1430.4, "left": 1459.2, "attrs": {} },
    { "type": "wokwi-flip-flop-d", "id": "flop36", "top": 1497.6, "left": 1459.2, "attrs": {} },
    { "type": "wokwi-flip-flop-d", "id": "flop37", "top": 1574.4, "left": 1459.2, "attrs": {} },
    { "type": "wokwi-flip-flop-d", "id": "flop38", "top": 1641.6, "left": 1459.2, "attrs": {} },
    { "type": "wokwi-flip-flop-d", "id": "flop39", "top": 1708.8, "left": 1459.2, "attrs": {} },
    { "type": "wokwi-flip-flop-d", "id": "flop40", "top": 1776, "left": 1459.2, "attrs": {} },
    {
      "type": "wokwi-resistor",
      "id": "r19",
      "top": 1866.35,
      "left": 1180.8,
      "attrs": { "value": "1000" }
    },
    {
      "type": "wokwi-led",
      "id": "led35",
      "top": 1830,
      "left": 1098.2,
      "attrs": { "color": "red" }
    },
    { "type": "wokwi-gnd", "id": "gnd13", "top": 1881.6, "left": 1103.4, "attrs": {} },
    { "type": "wokwi-mux-2", "id": "mux9", "top": 1286.4, "left": 1132.8, "attrs": {} },
    {
      "type": "wokwi-pushbutton",
      "id": "btn4",
      "top": 1254.2,
      "left": 998.4,
      "attrs": { "color": "green" }
    },
    { "type": "wokwi-vcc", "id": "vcc4", "top": 1210.36, "left": 1065.6, "attrs": {} },
    { "type": "wokwi-mux-2", "id": "mux10", "top": 1353.6, "left": 1132.8, "attrs": {} },
    { "type": "wokwi-mux-2", "id": "mux11", "top": 1420.8, "left": 1132.8, "attrs": {} },
    { "type": "wokwi-mux-2", "id": "mux12", "top": 1488, "left": 1132.8, "attrs": {} },
    { "type": "wokwi-mux-2", "id": "mux13", "top": 1564.8, "left": 1132.8, "attrs": {} },
    { "type": "wokwi-mux-2", "id": "mux14", "top": 1632, "left": 1132.8, "attrs": {} },
    { "type": "wokwi-mux-2", "id": "mux15", "top": 1699.2, "left": 1132.8, "attrs": {} },
    { "type": "wokwi-mux-2", "id": "mux16", "top": 1766.4, "left": 1132.8, "attrs": {} },
    {
      "type": "wokwi-led",
      "id": "led36",
      "top": 1359.6,
      "left": 1712.6,
      "attrs": { "color": "red", "flip": "" }
    },
    {
      "type": "wokwi-resistor",
      "id": "r20",
      "top": 1395.95,
      "left": 1776,
      "attrs": { "value": "1000" }
    },
    {
      "type": "wokwi-led",
      "id": "led37",
      "top": 1407.6,
      "left": 1712.6,
      "attrs": { "color": "red", "flip": "" }
    },
    {
      "type": "wokwi-resistor",
      "id": "r21",
      "top": 1443.95,
      "left": 1785.6,
      "attrs": { "value": "1000" }
    },
    {
      "type": "wokwi-led",
      "id": "led38",
      "top": 1455.6,
      "left": 1712.6,
      "attrs": { "color": "red", "flip": "" }
    },
    {
      "type": "wokwi-resistor",
      "id": "r22",
      "top": 1491.95,
      "left": 1776,
      "attrs": { "value": "1000" }
    },
    {
      "type": "wokwi-led",
      "id": "led39",
      "top": 1503.6,
      "left": 1712.6,
      "attrs": { "color": "red", "flip": "" }
    },
    {
      "type": "wokwi-resistor",
      "id": "r23",
      "top": 1539.95,
      "left": 1776,
      "attrs": { "value": "1000" }
    },
    {
      "type": "wokwi-led",
      "id": "led40",
      "top": 1551.6,
      "left": 1712.6,
      "attrs": { "color": "red", "flip": "" }
    },
    {
      "type": "wokwi-resistor",
      "id": "r24",
      "top": 1587.95,
      "left": 1776,
      "attrs": { "value": "1000" }
    },
    {
      "type": "wokwi-led",
      "id": "led41",
      "top": 1599.6,
      "left": 1712.6,
      "attrs": { "color": "red", "flip": "" }
    },
    {
      "type": "wokwi-resistor",
      "id": "r25",
      "top": 1635.95,
      "left": 1776,
      "attrs": { "value": "1000" }
    },
    {
      "type": "wokwi-led",
      "id": "led42",
      "top": 1647.6,
      "left": 1712.6,
      "attrs": { "color": "red", "flip": "" }
    },
    {
      "type": "wokwi-resistor",
      "id": "r26",
      "top": 1683.95,
      "left": 1776,
      "attrs": { "value": "1000" }
    },
    {
      "type": "wokwi-led",
      "id": "led43",
      "top": 1695.6,
      "left": 1712.6,
      "attrs": { "color": "red", "flip": "" }
    },
    {
      "type": "wokwi-resistor",
      "id": "r27",
      "top": 1731.95,
      "left": 1776,
      "attrs": { "value": "1000" }
    },
    { "type": "wokwi-gnd", "id": "gnd14", "top": 1708.8, "left": 1641, "attrs": {} },
    { "type": "wokwi-gate-and-2", "id": "and45", "top": -691.2, "left": 2467.2, "attrs": {} },
    { "type": "wokwi-gate-and-2", "id": "and47", "top": -633.6, "left": 2467.2, "attrs": {} },
    { "type": "wokwi-gate-and-2", "id": "and48", "top": -576, "left": 2467.2, "attrs": {} },
    { "type": "wokwi-gate-and-2", "id": "and49", "top": -537.6, "left": 2476.8, "attrs": {} },
    { "type": "wokwi-gate-and-2", "id": "and50", "top": -950.4, "left": 2467.2, "attrs": {} },
    { "type": "wokwi-gate-and-2", "id": "and51", "top": -892.8, "left": 2476.8, "attrs": {} },
    { "type": "wokwi-gate-and-2", "id": "and52", "top": -825.6, "left": 2476.8, "attrs": {} },
    { "type": "wokwi-gate-and-2", "id": "and53", "top": -748.8, "left": 2467.2, "attrs": {} },
    { "type": "wokwi-vcc", "id": "vcc5", "top": -459.64, "left": 2401.62, "attrs": {} },
    { "type": "wokwi-gate-xor-2", "id": "xor5", "top": -298.98, "left": 3130.9, "attrs": {} },
    { "type": "wokwi-gate-xor-2", "id": "xor6", "top": -305.81, "left": 2991.3, "attrs": {} },
    { "type": "wokwi-gate-and-2", "id": "and61", "top": -210.85, "left": 3013.3, "attrs": {} },
    { "type": "wokwi-gate-and-2", "id": "and62", "top": -222.18, "left": 3169.3, "attrs": {} },
    { "type": "wokwi-gate-or-2", "id": "or17", "top": -212.58, "left": 3313.3, "attrs": {} },
    { "type": "wokwi-gate-xor-2", "id": "xor7", "top": -316.45, "left": 3627.7, "attrs": {} },
    { "type": "wokwi-gate-xor-2", "id": "xor8", "top": -326.05, "left": 3493.3, "attrs": {} },
    { "type": "wokwi-gate-and-2", "id": "and63", "top": -230.05, "left": 3512.5, "attrs": {} },
    { "type": "wokwi-gate-and-2", "id": "and64", "top": -239.65, "left": 3666.1, "attrs": {} },
    { "type": "wokwi-gate-or-2", "id": "or18", "top": -230.05, "left": 3810.1, "attrs": {} },
    { "type": "wokwi-gate-xor-2", "id": "xor9", "top": -335.65, "left": 4136.5, "attrs": {} },
    { "type": "wokwi-gate-xor-2", "id": "xor10", "top": -345.25, "left": 4002.1, "attrs": {} },
    { "type": "wokwi-gate-and-2", "id": "and65", "top": -249.25, "left": 4021.3, "attrs": {} },
    { "type": "wokwi-gate-and-2", "id": "and66", "top": -258.85, "left": 4174.9, "attrs": {} },
    { "type": "wokwi-gate-or-2", "id": "or19", "top": -249.25, "left": 4318.9, "attrs": {} },
    { "type": "wokwi-gate-xor-2", "id": "xor11", "top": -345.25, "left": 4626.1, "attrs": {} },
    { "type": "wokwi-gate-xor-2", "id": "xor12", "top": -354.85, "left": 4491.7, "attrs": {} },
    { "type": "wokwi-gate-and-2", "id": "and67", "top": -258.85, "left": 4510.9, "attrs": {} },
    { "type": "wokwi-gate-and-2", "id": "and68", "top": -268.45, "left": 4664.5, "attrs": {} },
    { "type": "wokwi-gate-or-2", "id": "or20", "top": -258.85, "left": 4808.5, "attrs": {} },
    { "type": "wokwi-gate-xor-2", "id": "xor13", "top": -345.25, "left": 5202.1, "attrs": {} },
    { "type": "wokwi-gate-xor-2", "id": "xor14", "top": -354.85, "left": 5067.7, "attrs": {} },
    { "type": "wokwi-gate-and-2", "id": "and69", "top": -258.85, "left": 5086.9, "attrs": {} },
    { "type": "wokwi-gate-and-2", "id": "and70", "top": -268.45, "left": 5240.5, "attrs": {} },
    { "type": "wokwi-gate-or-2", "id": "or21", "top": -258.85, "left": 5384.5, "attrs": {} },
    { "type": "wokwi-gate-xor-2", "id": "xor15", "top": -345.25, "left": 5730.1, "attrs": {} },
    { "type": "wokwi-gate-xor-2", "id": "xor16", "top": -354.85, "left": 5595.7, "attrs": {} },
    { "type": "wokwi-gate-and-2", "id": "and71", "top": -258.85, "left": 5614.9, "attrs": {} },
    { "type": "wokwi-gate-and-2", "id": "and72", "top": -268.45, "left": 5768.5, "attrs": {} },
    { "type": "wokwi-gate-or-2", "id": "or22", "top": -258.85, "left": 5912.5, "attrs": {} },
    { "type": "wokwi-gate-xor-2", "id": "xor17", "top": -364.45, "left": 6334.9, "attrs": {} },
    { "type": "wokwi-gate-xor-2", "id": "xor18", "top": -374.05, "left": 6200.5, "attrs": {} },
    { "type": "wokwi-gate-and-2", "id": "and73", "top": -278.05, "left": 6219.7, "attrs": {} },
    { "type": "wokwi-gate-and-2", "id": "and74", "top": -287.65, "left": 6373.3, "attrs": {} },
    { "type": "wokwi-gate-or-2", "id": "or23", "top": -277.01, "left": 6514.5, "attrs": {} },
    { "type": "wokwi-gate-xor-2", "id": "xor19", "top": -383.65, "left": 6901.3, "attrs": {} },
    { "type": "wokwi-gate-xor-2", "id": "xor20", "top": -393.25, "left": 6766.9, "attrs": {} },
    { "type": "wokwi-gate-and-2", "id": "and75", "top": -297.25, "left": 6786.1, "attrs": {} },
    { "type": "wokwi-gate-and-2", "id": "and76", "top": -307.2, "left": 6940.8, "attrs": {} },
    {
      "type": "wokwi-led",
      "id": "led52",
      "top": -406.45,
      "left": 3276.3,
      "attrs": { "color": "red" }
    },
    {
      "type": "wokwi-led",
      "id": "led53",
      "top": -416.05,
      "left": 3737.1,
      "attrs": { "color": "red" }
    },
    {
      "type": "wokwi-led",
      "id": "led54",
      "top": -435.25,
      "left": 4226.7,
      "attrs": { "color": "red" }
    },
    {
      "type": "wokwi-led",
      "id": "led55",
      "top": -444.85,
      "left": 4716.3,
      "attrs": { "color": "red" }
    },
    {
      "type": "wokwi-led",
      "id": "led56",
      "top": -435.25,
      "left": 5301.9,
      "attrs": { "color": "red" }
    },
    {
      "type": "wokwi-led",
      "id": "led57",
      "top": -425.65,
      "left": 5829.9,
      "attrs": { "color": "red" }
    },
    {
      "type": "wokwi-led",
      "id": "led58",
      "top": -435.25,
      "left": 6482.7,
      "attrs": { "color": "red" }
    },
    { "type": "wokwi-gnd", "id": "gnd17", "top": -383.65, "left": 6487.9, "attrs": {} },
    { "type": "wokwi-gnd", "id": "gnd18", "top": -374.05, "left": 5825.5, "attrs": {} },
    { "type": "wokwi-gnd", "id": "gnd19", "top": -374.05, "left": 5297.5, "attrs": {} },
    { "type": "wokwi-gnd", "id": "gnd20", "top": -383.65, "left": 4711.9, "attrs": {} },
    { "type": "wokwi-gnd", "id": "gnd21", "top": -374.05, "left": 4231.9, "attrs": {} },
    { "type": "wokwi-gnd", "id": "gnd22", "top": -335.65, "left": 3732.7, "attrs": {} },
    { "type": "wokwi-gnd", "id": "gnd23", "top": -345.25, "left": 3281.5, "attrs": {} },
    {
      "type": "wokwi-led",
      "id": "led59",
      "top": -464.4,
      "left": 7213.4,
      "attrs": { "color": "red" }
    },
    { "type": "wokwi-gate-or-2", "id": "or24", "top": -297.6, "left": 7065.6, "attrs": {} },
    {
      "type": "wokwi-led",
      "id": "led60",
      "top": -358.8,
      "left": 7251.8,
      "attrs": { "color": "red" }
    },
    { "type": "wokwi-gnd", "id": "gnd24", "top": -412.8, "left": 7218.6, "attrs": {} },
    { "type": "wokwi-gnd", "id": "gnd25", "top": -268.8, "left": 7247.4, "attrs": {} },
    {
      "type": "wokwi-pushbutton",
      "id": "btn5",
      "top": -157,
      "left": 2764.8,
      "attrs": { "color": "green" }
    },
    { "type": "wokwi-vcc", "id": "vcc7", "top": -210.44, "left": 2832, "attrs": {} },
    {
      "type": "wokwi-led",
      "id": "led44",
      "top": -579.6,
      "left": 3066.6,
      "attrs": { "color": "red", "flip": "1" }
    },
    { "type": "wokwi-gate-and-2", "id": "and46", "top": -604.8, "left": 2841.6, "attrs": {} },
    { "type": "wokwi-gate-and-2", "id": "and54", "top": -508.8, "left": 2880, "attrs": {} },
    { "type": "wokwi-gate-and-2", "id": "and55", "top": -556.8, "left": 2851.2, "attrs": {} },
    {
      "type": "wokwi-led",
      "id": "led45",
      "top": -618,
      "left": 3047.4,
      "attrs": { "color": "red", "flip": "1" }
    },
    {
      "type": "wokwi-led",
      "id": "led46",
      "top": -666,
      "left": 3047.4,
      "attrs": { "color": "red", "flip": "1" }
    },
    { "type": "wokwi-gate-and-2", "id": "and56", "top": -662.4, "left": 2851.2, "attrs": {} },
    {
      "type": "wokwi-led",
      "id": "led47",
      "top": -714,
      "left": 3047.4,
      "attrs": { "color": "red", "flip": "1" }
    },
    { "type": "wokwi-gate-and-2", "id": "and57", "top": -940.8, "left": 2860.8, "attrs": {} },
    { "type": "wokwi-gate-and-2", "id": "and58", "top": -883.2, "left": 2860.8, "attrs": {} },
    { "type": "wokwi-gate-and-2", "id": "and59", "top": -816, "left": 2860.8, "attrs": {} },
    { "type": "wokwi-gate-and-2", "id": "and60", "top": -768, "left": 2860.8, "attrs": {} },
    {
      "type": "wokwi-led",
      "id": "led48",
      "top": -973.2,
      "left": 3066.6,
      "attrs": { "color": "red", "flip": "1" }
    },
    {
      "type": "wokwi-led",
      "id": "led49",
      "top": -906,
      "left": 3047.4,
      "attrs": { "color": "red", "flip": "1" }
    },
    {
      "type": "wokwi-led",
      "id": "led50",
      "top": -848.4,
      "left": 3066.6,
      "attrs": { "color": "red", "flip": "1" }
    },
    {
      "type": "wokwi-led",
      "id": "led51",
      "top": -790.8,
      "left": 3066.6,
      "attrs": { "color": "red", "flip": "1" }
    },
    { "type": "wokwi-vcc", "id": "vcc6", "top": -450.44, "left": 2822.4, "attrs": {} },
    { "type": "wokwi-gnd", "id": "gnd15", "top": -931.2, "left": 3129, "attrs": {} },
    { "type": "wokwi-gnd", "id": "gnd16", "top": -691.2, "left": 3129, "attrs": {} },
    {
      "type": "wokwi-pushbutton",
      "id": "btn6",
      "top": -445,
      "left": 2534.4,
      "attrs": { "color": "green" }
    },
    { "type": "wokwi-vcc", "id": "vcc8", "top": -469.64, "left": 2592, "attrs": {} },
    { "type": "wokwi-flip-flop-d", "id": "flop41", "top": -950.4, "left": 2707.2, "attrs": {} },
    { "type": "wokwi-flip-flop-d", "id": "flop42", "top": -883.2, "left": 2716.8, "attrs": {} },
    { "type": "wokwi-flip-flop-d", "id": "flop43", "top": -825.6, "left": 2716.8, "attrs": {} },
    { "type": "wokwi-flip-flop-d", "id": "flop44", "top": -758.4, "left": 2716.8, "attrs": {} },
    { "type": "wokwi-flip-flop-d", "id": "flop45", "top": -672, "left": 2697.6, "attrs": {} },
    { "type": "wokwi-flip-flop-d", "id": "flop46", "top": -624, "left": 2707.2, "attrs": {} },
    { "type": "wokwi-flip-flop-d", "id": "flop47", "top": -556.8, "left": 2726.4, "attrs": {} },
    { "type": "wokwi-flip-flop-d", "id": "flop48", "top": -489.6, "left": 2726.4, "attrs": {} },
    { "type": "wokwi-mux-2", "id": "mux17", "top": -950.4, "left": 2592, "attrs": {} },
    { "type": "wokwi-mux-2", "id": "mux18", "top": -883.2, "left": 2592, "attrs": {} },
    { "type": "wokwi-mux-2", "id": "mux19", "top": -816, "left": 2601.6, "attrs": {} },
    { "type": "wokwi-mux-2", "id": "mux20", "top": -748.8, "left": 2592, "attrs": {} },
    { "type": "wokwi-mux-2", "id": "mux21", "top": -681.6, "left": 2582.4, "attrs": {} },
    { "type": "wokwi-mux-2", "id": "mux22", "top": -633.6, "left": 2582.4, "attrs": {} },
    { "type": "wokwi-mux-2", "id": "mux23", "top": -566.4, "left": 2601.6, "attrs": {} },
    { "type": "wokwi-mux-2", "id": "mux24", "top": -499.2, "left": 2592, "attrs": {} }
  ],
  "connections": [
    [ "xor1:OUT", "flop1:D", "green", [ "v0" ] ],
    [ "xor2:OUT", "flop2:D", "green", [ "v19.2", "h201.6" ] ],
    [ "xor3:OUT", "flop3:D", "green", [ "v0" ] ],
    [ "xor4:OUT", "flop4:D", "green", [ "v0" ] ],
    [ "and1:OUT", "xor2:B", "green", [ "v38.4", "h-134.4", "v115.2" ] ],
    [ "and1:B", "flop1:Q", "green", [ "h-57.6", "v-144", "h451.2", "v19.2" ] ],
    [ "uno:A5", "flop1:CLK", "white", [ "v355.1", "h445.9", "v-614.4" ] ],
    [ "flop4:CLK", "uno:A5", "white", [ "h-67.2", "v96", "h-441.6" ] ],
    [ "flop3:CLK", "uno:A5", "white", [ "h-67.2", "v326.4", "h-441.6" ] ],
    [ "flop2:CLK", "uno:A5", "white", [ "h-67.2", "v518.4", "h-9.6" ] ],
    [ "xor1:B", "flop1:Q", "green", [ "h-57.6", "v9.6", "h0", "v-96", "h451.2", "v76.8" ] ],
    [ "uno:3", "flop1:Q", "green", [ "v-278.4", "h685.6", "v9.6" ] ],
    [ "xor2:B", "and4:B", "green", [ "h-67.2", "v57.6" ] ],
    [ "and4:A", "xor2:A", "green", [ "h-48", "v-57.6" ] ],
    [ "xor2:A", "flop2:Q", "green", [ "h0", "v-38.4", "h441.6", "v48" ] ],
    [ "uno:4", "flop2:Q", "green", [ "v-355.2", "h752.7", "v355.2" ] ],
    [ "and4:OUT", "xor3:B", "green", [ "v0", "h57.6", "v48", "h-201.6", "v96" ] ],
    [ "xor3:B", "and3:B", "green", [ "h-67.2", "v67.2" ] ],
    [ "and3:A", "xor3:A", "green", [ "h-57.6", "v-57.6" ] ],
    [ "xor3:A", "flop3:Q", "green", [ "h0", "v-38.4", "h451.2", "v-9.6" ] ],
    [ "uno:5", "flop3:Q", "green", [ "v-76.8", "h109.4", "v211.2", "h633.6", "v57.6" ] ],
    [ "uno:6", "flop4:Q", "green", [ "v-105.6", "h99.7", "v422.4", "h624", "v105.6" ] ],
    [ "and3:OUT", "xor4:B", "green", [ "v0", "h48", "v105.6", "h-192", "v57.6" ] ],
    [ "flop4:Q", "xor4:A", "green", [ "v-76.8", "h-9.6" ] ],
    [ "xor4:A", "and2:A", "green", [ "h-67.2", "v9.6" ] ],
    [ "xor4:B", "and2:B", "green", [ "h-57.6", "v48" ] ],
    [ "uno:A5", "r1:2", "white", [ "v297.5", "h417.1", "v230.4" ] ],
    [ "r1:1", "led1:A", "green", [ "v0" ] ],
    [ "uno:GND.2", "led1:C", "white", [ "v0" ] ],
    [ "or1:A", "uno:3", "black", [ "h0", "v9.6", "h-9.6" ] ],
    [ "or6:A", "uno:4", "#8f4814", [ "h0" ] ],
    [ "or6:B", "uno:4", "#8f4814", [ "h0", "v-9.6", "h-9.6" ] ],
    [ "or1:B", "uno:3", "black", [ "h-9.6" ] ],
    [ "or5:A", "uno:5", "red", [ "h0" ] ],
    [ "or5:B", "uno:5", "red", [ "h-19.2" ] ],
    [ "or4:A", "uno:6", "orange", [ "h0" ] ],
    [ "or4:B", "uno:6", "orange", [ "h-28.8" ] ],
    [ "or4:OUT", "led2:A", "orange", [ "v0" ] ],
    [ "or5:OUT", "led3:A", "red", [ "v0" ] ],
    [ "or6:OUT", "led4:A", "#8f4814", [ "v0" ] ],
    [ "or1:OUT", "led5:A", "black", [ "v0" ] ],
    [ "gnd1:GND", "led2:C", "black", [ "v57.6" ] ],
    [ "gnd3:GND", "led4:C", "black", [ "v0" ] ],
    [ "gnd2:GND", "led3:C", "black", [ "v0", "h19.2" ] ],
    [ "gnd4:GND", "led5:C", "black", [ "v0" ] ],
    [ "or2:OUT", "led6:A", "gold", [ "v0" ] ],
    [ "gnd5:GND", "led6:C", "black", [ "v57.6" ] ],
    [ "uno:7", "or2:A", "gold", [ "v0" ] ],
    [ "or2:B", "uno:7", "gold", [ "h-38.4" ] ],
    [ "or3:OUT", "led7:A", "blue", [ "v0" ] ],
    [ "gnd6:GND", "led7:C", "black", [ "v57.6" ] ],
    [ "or7:OUT", "led8:A", "green", [ "v0" ] ],
    [ "gnd7:GND", "led8:C", "black", [ "v57.6" ] ],
    [ "or8:OUT", "led9:A", "violet", [ "v0" ] ],
    [ "gnd8:GND", "led9:C", "black", [ "v57.6" ] ],
    [ "uno:8", "or7:B", "green", [ "v0" ] ],
    [ "or7:A", "uno:8", "green", [ "h-57.6", "v28.8" ] ],
    [ "uno:9", "or3:B", "blue", [ "v-720", "h0.8", "v-48" ] ],
    [ "or3:A", "uno:9", "blue", [ "h-67.2", "v38.4", "h0", "v662.4" ] ],
    [ "uno:10", "or8:B", "violet", [ "v-806.4", "h10.3" ] ],
    [ "or8:A", "uno:10", "violet", [ "h-76.8" ] ],
    [ "uno:A5", "flop6:CLK", "white", [ "v105.5", "h-418.1" ] ],
    [ "flop7:CLK", "uno:A5", "white", [ "h-38.4", "v441.6", "h38.4", "v297.6", "h374.4" ] ],
    [ "flop8:CLK", "uno:A5", "white", [ "h-38.4", "v307.2", "h38.4", "v508.8", "h374.4" ] ],
    [
      "flop5:CLK",
      "uno:A5",
      "white",
      [ "h-38.4", "v297.6", "h38.4", "v307.2", "h0", "v288", "h384" ]
    ],
    [ "flop6:Q", "uno:A0", "black", [ "v0", "h-9.6", "v672", "h0", "v489.6", "h105.6" ] ],
    [
      "flop7:Q",
      "uno:A1",
      "#8f4814",
      [ "v9.6", "h-19.2", "v259.2", "h-9.6", "v604.8", "h9.6", "v364.8", "h115.2" ]
    ],
    [
      "flop8:Q",
      "uno:A2",
      "red",
      [ "v57.6", "h-48", "v393.6", "h0", "v288", "h0", "v585.6", "h153.6" ]
    ],
    [ "flop5:Q", "uno:A3", "orange", [ "v9.6", "h-57.6", "v595.2", "h0", "v816", "h19.2" ] ],
    [ "xor1:A", "btn1:1.r", "green", [ "h0" ] ],
    [ "and1:A", "btn1:1.r", "green", [ "h0" ] ],
    [ "flop5:D", "or4:OUT", "orange", [ "h0", "v-67.2", "h-326.4", "v288", "h38.4", "v182.4" ] ],
    [ "flop6:D", "or1:OUT", "black", [ "h-115.2", "v259.2" ] ],
    [ "flop7:D", "or6:OUT", "#8f4814", [ "h-163.2", "v412.8" ] ],
    [ "flop8:D", "or5:OUT", "red", [ "h-230.4", "v393.6", "h0", "v163.2" ] ],
    [ "and12:OUT", "flop13:D", "green", [ "v0" ] ],
    [ "and11:OUT", "flop10:D", "green", [ "v0" ] ],
    [ "and10:OUT", "flop16:D", "green", [ "v0" ] ],
    [ "and9:OUT", "flop9:D", "green", [ "v0" ] ],
    [ "and8:OUT", "flop15:D", "green", [ "v0" ] ],
    [ "and5:OUT", "flop14:D", "green", [ "v0" ] ],
    [ "and7:OUT", "flop12:D", "green", [ "v0" ] ],
    [ "and6:OUT", "flop11:D", "green", [ "v0" ] ],
    [
      "flop1:CLK",
      "flop11:CLK",
      "white",
      [ "h-57.6", "v-144", "h0", "v-316.8", "h0", "v-297.6", "h-19.2" ]
    ],
    [ "flop11:CLK", "flop12:CLK", "white", [ "h0" ] ],
    [ "flop12:CLK", "flop14:CLK", "white", [ "h0" ] ],
    [ "flop14:CLK", "flop15:CLK", "white", [ "h0" ] ],
    [ "flop15:CLK", "flop9:CLK", "white", [ "h0" ] ],
    [ "flop9:CLK", "flop16:CLK", "white", [ "h0" ] ],
    [ "flop16:CLK", "flop10:CLK", "white", [ "h0" ] ],
    [ "flop10:CLK", "flop13:CLK", "white", [ "h0" ] ],
    [ "sevseg8:E", "sevseg8:D", "green", [ "v0" ] ],
    [ "sevseg8:E", "sevseg8:F", "green", [ "v0" ] ],
    [ "sevseg8:F", "sevseg8:A", "green", [ "v0" ] ],
    [ "flop15:NOTQ", "sevseg4:E", "orange", [ "h153.6", "v-28.8", "h230.4" ] ],
    [ "sevseg4:E", "sevseg4:D", "green", [ "v0" ] ],
    [ "sevseg4:E", "sevseg4:F", "green", [ "v0" ] ],
    [ "sevseg4:F", "sevseg4:A", "green", [ "v0" ] ],
    [ "flop14:NOTQ", "sevseg3:E", "red", [ "h9.6", "v-48", "h153.6", "v-28.8", "h278.4" ] ],
    [ "sevseg3:E", "sevseg3:D", "green", [ "v0" ] ],
    [ "sevseg3:E", "sevseg3:F", "green", [ "v0" ] ],
    [ "sevseg3:F", "sevseg3:A", "green", [ "v0" ] ],
    [ "flop12:NOTQ", "sevseg2:E", "#8f4814", [ "h19.2", "v-86.4", "h153.6", "v-28.8", "h326.4" ] ],
    [ "sevseg2:E", "sevseg2:D", "green", [ "v0" ] ],
    [ "sevseg2:E", "sevseg2:F", "green", [ "v0" ] ],
    [ "sevseg2:F", "sevseg2:A", "green", [ "v0" ] ],
    [ "flop11:NOTQ", "sevseg8:E", "black", [ "h28.8", "v-124.8", "h153.6", "v-28.8", "h384" ] ],
    [ "flop9:NOTQ", "sevseg5:F", "gold", [ "h144", "v-67.2", "h192" ] ],
    [ "sevseg5:F", "sevseg5:A", "green", [ "v0" ] ],
    [ "sevseg5:D", "sevseg5:E", "green", [ "v0" ] ],
    [ "sevseg5:E", "sevseg5:F", "green", [ "v0" ] ],
    [ "flop16:NOTQ", "sevseg6:F", "green", [ "h134.4", "v-28.8", "h144" ] ],
    [ "sevseg6:D", "sevseg6:E", "green", [ "v0" ] ],
    [ "sevseg6:E", "sevseg6:F", "green", [ "v0" ] ],
    [ "flop10:NOTQ", "sevseg7:F", "blue", [ "h134.4", "v9.6", "h86.4" ] ],
    [ "sevseg7:D", "sevseg7:E", "green", [ "v0" ] ],
    [ "sevseg7:E", "sevseg7:F", "green", [ "v0" ] ],
    [ "flop13:NOTQ", "sevseg1:F", "violet", [ "h19.2", "v38.4", "h124.8", "v9.6", "h19.2" ] ],
    [ "sevseg1:D", "sevseg1:E", "green", [ "v0" ] ],
    [ "sevseg1:E", "sevseg1:F", "green", [ "v0" ] ],
    [ "sevseg6:F", "sevseg6:A", "green", [ "v0" ] ],
    [ "sevseg7:F", "sevseg7:A", "green", [ "v0" ] ],
    [ "flop11:Q", "or10:A", "black", [ "v0" ] ],
    [ "flop11:NOTQ", "or10:B", "black", [ "h0" ] ],
    [ "flop12:NOTQ", "or12:B", "#8f4814", [ "h0" ] ],
    [ "flop12:Q", "or12:A", "#8f4814", [ "v0" ] ],
    [ "flop14:Q", "or11:A", "red", [ "v0" ] ],
    [ "flop14:NOTQ", "or11:B", "red", [ "h0" ] ],
    [ "or11:OUT", "sevseg3:C", "red", [ "v0", "h38.4", "v-38.4", "h278.4" ] ],
    [ "sevseg3:B", "sevseg3:C", "green", [ "v0" ] ],
    [ "or12:OUT", "sevseg2:C", "#8f4814", [ "v0", "h48", "v-76.8", "h278.4", "v-9.6", "h48" ] ],
    [ "sevseg2:B", "sevseg2:C", "green", [ "v0" ] ],
    [
      "or10:OUT",
      "sevseg8:C",
      "black",
      [ "v0", "h57.6", "v-115.2", "h278.4", "v-9.6", "h76.8", "v-48", "h19.2" ]
    ],
    [ "sevseg8:B", "sevseg8:C", "green", [ "v0" ] ],
    [ "flop15:NOTQ", "or16:B", "orange", [ "h0", "v-9.6" ] ],
    [ "flop15:Q", "or16:A", "orange", [ "v0", "h28.8" ] ],
    [ "or16:OUT", "sevseg4:B", "orange", [ "v-153.6", "h288", "v0", "h9.6" ] ],
    [ "sevseg4:B", "sevseg4:C", "green", [ "v0" ] ],
    [ "flop9:Q", "or14:A", "gold", [ "v0" ] ],
    [ "flop9:NOTQ", "or14:B", "gold", [ "h0" ] ],
    [ "or14:OUT", "sevseg5:B", "gold", [ "v-96", "h249.6" ] ],
    [ "sevseg5:B", "sevseg5:C", "green", [ "v0" ] ],
    [ "flop16:NOTQ", "or9:B", "green", [ "h0" ] ],
    [ "flop16:Q", "or9:A", "green", [ "v0" ] ],
    [ "or9:OUT", "sevseg6:B", "green", [ "v-67.2", "h201.6" ] ],
    [ "sevseg6:B", "sevseg6:C", "green", [ "v0" ] ],
    [ "flop10:NOTQ", "or15:B", "blue", [ "h0" ] ],
    [ "flop10:Q", "or15:A", "blue", [ "v0", "h67.2", "v-48" ] ],
    [ "or15:OUT", "sevseg7:B", "blue", [ "v0", "h67.2" ] ],
    [ "sevseg7:B", "sevseg7:C", "green", [ "v0" ] ],
    [ "flop13:NOTQ", "or13:B", "violet", [ "h19.2", "v-48", "h9.6" ] ],
    [ "flop13:Q", "or13:A", "violet", [ "v0", "h9.6", "v-48" ] ],
    [ "or13:OUT", "sevseg1:B", "violet", [ "v0", "h9.6" ] ],
    [ "sevseg1:B", "sevseg1:C", "green", [ "v0" ] ],
    [ "and6:A", "and7:A", "cyan", [ "h-19.2", "v-48" ] ],
    [ "and7:A", "and5:A", "cyan", [ "h-19.2", "v-48" ] ],
    [ "and5:A", "and8:A", "cyan", [ "h-19.2", "v-57.6" ] ],
    [ "and8:A", "and9:A", "cyan", [ "h-19.2", "v-48" ] ],
    [ "and9:A", "and10:A", "cyan", [ "h-19.2", "v-48" ] ],
    [ "and10:A", "and11:A", "cyan", [ "h-19.2", "v-48" ] ],
    [ "and11:A", "and12:A", "cyan", [ "h-19.2", "v-48" ] ],
    [ "sevseg1:F", "sevseg1:A", "green", [ "v0" ] ],
    [
      "uno:GND.2",
      "sevseg8:COM.1",
      "purple",
      [
        "v95.9",
        "h858.3",
        "v-374.4",
        "h0",
        "v-278.4",
        "h67.2",
        "v-240",
        "h0",
        "v-489.6",
        "h268.8"
      ]
    ],
    [ "sevseg8:COM.1", "sevseg2:COM.1", "white", [ "h0" ] ],
    [ "sevseg2:COM.1", "sevseg3:COM.1", "white", [ "h0" ] ],
    [ "sevseg3:COM.1", "sevseg4:COM.1", "white", [ "h0" ] ],
    [ "sevseg4:COM.1", "sevseg5:COM.1", "white", [ "h0" ] ],
    [ "sevseg5:COM.1", "sevseg6:COM.1", "white", [ "h0" ] ],
    [ "sevseg6:COM.1", "sevseg7:COM.1", "white", [ "h0" ] ],
    [ "sevseg7:COM.1", "sevseg1:COM.1", "white", [ "h0" ] ],
    [
      "uno:5V",
      "and12:A",
      "gray",
      [
        "v115.1",
        "h407",
        "v0",
        "h76.8",
        "v0",
        "h412.8",
        "v-652.8",
        "h67.2",
        "v0",
        "h-9.6",
        "v-662.4",
        "h0",
        "v-76.8",
        "h278.4",
        "v-172.8",
        "h-9.6",
        "v-19.2",
        "h-172.8",
        "v-144",
        "h-633.6"
      ]
    ],
    [ "and13:OUT", "flop21:D", "green", [ "v0" ] ],
    [ "flop22:Q", "and14:A", "green", [ "v-19.2" ] ],
    [ "and15:OUT", "flop22:D", "green", [ "v0" ] ],
    [ "and16:OUT", "flop24:D", "green", [ "v0" ] ],
    [ "and17:OUT", "flop23:D", "green", [ "v0" ] ],
    [ "and18:OUT", "flop17:D", "green", [ "v0" ] ],
    [ "and19:OUT", "flop18:D", "green", [ "v0" ] ],
    [ "and20:OUT", "flop19:D", "green", [ "v0" ] ],
    [ "and21:OUT", "flop20:D", "green", [ "v0" ] ],
    [ "flop23:Q", "and22:A", "green", [ "v0" ] ],
    [ "and22:OUT", "led10:A", "green", [ "v0" ] ],
    [ "flop24:Q", "and23:A", "green", [ "v0" ] ],
    [ "and23:OUT", "led11:A", "green", [ "v0" ] ],
    [ "and14:OUT", "led12:A", "green", [ "v0" ] ],
    [ "flop21:Q", "and24:A", "green", [ "v0" ] ],
    [ "and24:OUT", "led13:A", "green", [ "v0" ] ],
    [ "flop17:Q", "and25:A", "green", [ "v0" ] ],
    [ "flop18:Q", "and26:A", "green", [ "v0" ] ],
    [ "flop19:Q", "and27:A", "green", [ "v0" ] ],
    [ "flop20:Q", "and28:A", "green", [ "v0" ] ],
    [ "and25:OUT", "led14:A", "green", [ "v0" ] ],
    [ "and26:OUT", "led15:A", "green", [ "v0" ] ],
    [ "led16:A", "and27:OUT", "green", [ "v0" ] ],
    [ "and28:OUT", "led17:A", "green", [ "v0" ] ],
    [
      "uno:A5",
      "flop23:CLK",
      "green",
      [ "v-0.1", "h23.5", "v76.8", "h-1046.4", "v-9.6", "h-768", "v-48" ]
    ],
    [ "flop23:CLK", "flop24:CLK", "green", [ "h-17.58", "v-47.6" ] ],
    [ "flop24:CLK", "flop22:CLK", "green", [ "h-27.18", "v-66.8" ] ],
    [ "flop22:CLK", "flop21:CLK", "green", [ "h-27.18", "v-66.8" ] ],
    [ "flop21:CLK", "flop20:CLK", "green", [ "h-17.58", "v-57.2" ] ],
    [ "flop20:CLK", "flop19:CLK", "green", [ "h-27.18", "v-66.8", "h9.6" ] ],
    [ "flop19:CLK", "flop18:CLK", "green", [ "h-57.6", "v-67.2" ] ],
    [ "flop18:CLK", "flop17:CLK", "green", [ "h-46.38", "v-57.2" ] ],
    [
      "uno:3",
      "and18:A",
      "green",
      [
        "v-19.2",
        "h13.6",
        "v-19.2",
        "h-739.2",
        "v0",
        "h355.2",
        "v-480",
        "h-576",
        "v-19.2",
        "h-700.8"
      ]
    ],
    [
      "uno:4",
      "and19:A",
      "green",
      [
        "v-48",
        "h-82.5",
        "v-9.6",
        "h-268.8",
        "v-278.4",
        "h0",
        "v-172.8",
        "h-374.4",
        "v0",
        "h-777.6",
        "v-9.6",
        "h-460.8",
        "v86.4",
        "h9.6"
      ]
    ],
    [
      "uno:5",
      "and20:A",
      "green",
      [ "v-19.2", "h-389.8", "v-528", "h-38.4", "v-9.6", "h-1094.4", "v9.6", "h-451.2", "v182.4" ]
    ],
    [
      "and21:A",
      "uno:6",
      "green",
      [
        "h-94.38",
        "v-287.6",
        "h691.2",
        "v-9.6",
        "h883.2",
        "v268.8",
        "h172.8",
        "v249.6",
        "h259.2",
        "v9.6"
      ]
    ],
    [
      "and13:A",
      "uno:7",
      "green",
      [
        "h-113.58",
        "v-364.4",
        "h672",
        "v-28.8",
        "h153.6",
        "v19.2",
        "h566.4",
        "v9.6",
        "h182.4",
        "v297.6",
        "h230.4",
        "v182.4",
        "h201.6",
        "v9.6"
      ]
    ],
    [
      "uno:8",
      "and15:A",
      "green",
      [ "v-124.8", "h-450.8", "v-508.8", "h-508.8", "v-19.2", "h-1056", "v470.4" ]
    ],
    [
      "and16:A",
      "uno:9",
      "green",
      [
        "h-171.18",
        "v-182",
        "h9.6",
        "v-384",
        "h796.8",
        "v0",
        "h768",
        "v288",
        "h-9.6",
        "v0",
        "h441.6",
        "v240",
        "h28.8"
      ]
    ],
    [
      "uno:10",
      "and17:A",
      "green",
      [ "v-19.2", "h-450.5", "v-652.8", "h-460.8", "v-9.6", "h-1132.8", "v307.2", "h0", "v326.4" ]
    ],
    [ "vcc1:VCC", "and17:B", "red", [ "v9.6", "h67.2" ] ],
    [ "and17:B", "and16:B", "green", [ "h-27.18", "v-38", "h28.8" ] ],
    [ "and16:B", "and15:B", "green", [ "h-27.18", "v-47.6", "h19.2" ] ],
    [ "and15:B", "and13:B", "green", [ "h-27.18", "v-57.2", "h19.2" ] ],
    [ "and13:B", "and21:B", "green", [ "h-27.18", "v-47.6", "h19.2" ] ],
    [ "and21:B", "and20:B", "green", [ "h-17.58", "v-47.6", "h19.2" ] ],
    [ "and20:B", "and19:B", "green", [ "h-17.58", "v-47.6", "h9.6" ] ],
    [ "and19:B", "and18:B", "green", [ "h-17.58", "v-47.6", "h19.2" ] ],
    [ "vcc2:VCC", "and22:B", "red", [ "v0", "h28.8" ] ],
    [ "and22:B", "and23:B", "green", [ "h-9.6", "v-67.2", "h-9.6" ] ],
    [ "and23:B", "and14:B", "green", [ "h-19.2" ] ],
    [ "and14:B", "and24:B", "green", [ "h-19.2", "v-57.6", "h9.6" ] ],
    [ "and24:B", "and28:B", "green", [ "h9.6", "v-105.6" ] ],
    [ "and28:B", "and27:B", "green", [ "h-19.2", "v-57.6" ] ],
    [ "and27:B", "and26:B", "green", [ "h0", "v-9.6", "h-19.2", "v-38.4" ] ],
    [ "and26:B", "and25:B", "green", [ "h1.62", "v-9.2", "h-28.8", "v-48" ] ],
    [ "gnd9:GND", "led14:C", "black", [ "v0" ] ],
    [ "led14:C", "led15:C", "green", [ "v0" ] ],
    [ "led15:C", "led16:C", "green", [ "v0" ] ],
    [ "led16:C", "led17:C", "green", [ "v0" ] ],
    [ "led13:C", "gnd10:GND", "green", [ "v0" ] ],
    [ "led13:C", "led12:C", "green", [ "v0" ] ],
    [ "led11:C", "led12:C", "green", [ "v0" ] ],
    [ "led11:C", "led10:C", "green", [ "v0" ] ],
    [ "led18:A", "r2:1", "white", [ "v0" ] ],
    [ "led18:C", "gnd11:GND", "green", [ "v0" ] ],
    [ "mux1:OUT", "flop25:D", "green", [ "v0" ] ],
    [ "vcc3:VCC", "btn2:1.r", "red", [ "v0" ] ],
    [ "btn2:2.r", "mux1:SEL", "yellow", [ "h19.4", "v48.2" ] ],
    [ "mux2:OUT", "flop26:D", "green", [ "v0", "h240" ] ],
    [ "mux3:OUT", "flop27:D", "green", [ "v0" ] ],
    [ "mux4:OUT", "flop28:D", "green", [ "v0" ] ],
    [ "mux8:OUT", "flop32:D", "green", [ "v0" ] ],
    [ "mux7:OUT", "flop31:D", "green", [ "v0" ] ],
    [ "mux6:OUT", "flop30:D", "green", [ "v0" ] ],
    [ "mux5:OUT", "flop29:D", "green", [ "v0" ] ],
    [ "btn2:2.r", "mux2:SEL", "gold", [ "h9.8", "v115.4", "h105.6" ] ],
    [ "btn2:2.r", "mux3:SEL", "gold", [ "h0.2", "v173" ] ],
    [ "btn2:2.r", "mux4:SEL", "gold", [ "h0.2", "v240.2" ] ],
    [ "btn2:2.r", "mux5:SEL", "gold", [ "h0.2", "v326.6" ] ],
    [ "btn2:2.r", "mux6:SEL", "gold", [ "h0.2", "v393.8" ] ],
    [ "btn2:2.r", "mux7:SEL", "gold", [ "h0.2", "v451.4" ] ],
    [ "btn2:2.r", "mux8:SEL", "gold", [ "h0.2", "v509" ] ],
    [ "flop25:Q", "mux1:A", "cyan", [ "v-28.8", "h-422.4" ] ],
    [ "flop26:Q", "mux2:A", "cyan", [ "v-28.8", "h-422.4" ] ],
    [ "flop27:Q", "mux3:A", "cyan", [ "v-28.8", "h-422.4" ] ],
    [ "flop28:Q", "mux4:A", "cyan", [ "v-28.8", "h-422.4" ] ],
    [ "flop29:Q", "mux5:A", "cyan", [ "v-28.8", "h-422.4" ] ],
    [ "flop30:Q", "mux6:A", "cyan", [ "v-28.8", "h-422.4" ] ],
    [ "flop31:Q", "mux7:A", "cyan", [ "v-28.8", "h-422.4" ] ],
    [ "flop32:Q", "mux8:A", "cyan", [ "v-28.8", "h-422.4" ] ],
    [ "btn3:1.r", "vcc12:VCC", "red", [ "v0", "h29" ] ],
    [ "not1:OUT", "and29:A", "green", [ "v0" ] ],
    [ "btn3:2.r", "not1:IN", "gold", [ "h48.2", "v57.8" ] ],
    [ "btn3:2.r", "and30:A", "gold", [ "h48.2", "v96.2" ] ],
    [ "flop25:Q", "and29:B", "green", [ "v0" ] ],
    [ "flop25:Q", "and30:B", "green", [ "v-9.6", "h297.6", "v48" ] ],
    [ "not2:OUT", "and31:A", "green", [ "v0" ] ],
    [ "not3:OUT", "and33:A", "green", [ "v0" ] ],
    [ "not4:OUT", "and35:A", "green", [ "v0" ] ],
    [ "not5:OUT", "and37:A", "green", [ "v0" ] ],
    [ "not6:OUT", "and39:A", "green", [ "v0" ] ],
    [ "not7:OUT", "and41:A", "green", [ "v0" ] ],
    [ "not8:OUT", "and43:A", "green", [ "v0" ] ],
    [ "btn3:2.r", "not2:IN", "gold", [ "h48.2", "v201.8", "h28.8" ] ],
    [ "btn3:2.r", "and32:A", "gold", [ "h48.2", "v259.4" ] ],
    [ "flop26:Q", "and31:B", "green", [ "v0", "h163.2", "v57.6" ] ],
    [ "flop26:Q", "and32:B", "green", [ "v0", "h163.2", "v115.2" ] ],
    [ "btn3:2.r", "not3:IN", "gold", [ "h48.2", "v326.6" ] ],
    [ "btn3:2.r", "and34:A", "gold", [ "h48.2", "v374.6" ] ],
    [ "flop27:Q", "and33:B", "green", [ "v0", "h153.6", "v115.2" ] ],
    [ "flop27:Q", "and34:B", "green", [ "v0", "h153.6", "v172.8" ] ],
    [ "btn3:2.r", "not4:IN", "gold", [ "h48.2", "v470.6" ] ],
    [ "btn3:2.r", "and36:A", "gold", [ "h48.2", "v518.6" ] ],
    [ "flop28:Q", "and35:B", "green", [ "v0", "h144", "v230.4" ] ],
    [ "flop28:Q", "and36:B", "green", [ "v0", "h144", "v249.6" ] ],
    [ "flop29:Q", "and37:B", "green", [ "v0", "h124.8", "v249.6" ] ],
    [ "flop29:Q", "and38:B", "green", [ "v0", "h124.8", "v297.6" ] ],
    [ "flop32:Q", "and43:B", "green", [ "v0", "h105.6", "v460.8" ] ],
    [ "flop32:Q", "and44:B", "green", [ "v0", "h105.6", "v499.2" ] ],
    [ "flop31:Q", "and41:B", "green", [ "v0", "h115.2", "v403.2" ] ],
    [ "flop31:Q", "and42:B", "green", [ "v0", "h115.2", "v441.6" ] ],
    [ "flop30:Q", "and39:B", "green", [ "v9.6", "h134.4", "v345.6" ] ],
    [ "flop30:Q", "and40:B", "green", [ "v9.6", "h134.4", "v355.2" ] ],
    [ "btn3:2.r", "not5:IN", "gold", [ "h48.2", "v0.2" ] ],
    [ "btn3:2.r", "not6:IN", "gold", [ "h48.2", "v739.4" ] ],
    [ "btn3:2.r", "and38:A", "gold", [ "h48.2", "v672.2" ] ],
    [ "btn3:2.r", "and40:A", "gold", [ "h48.2", "v806.6" ] ],
    [ "btn3:2.r", "not7:IN", "gold", [ "h48.2", "v873.8" ] ],
    [ "btn3:2.r", "and42:A", "gold", [ "h48.2", "v941" ] ],
    [ "btn3:2.r", "not8:IN", "green", [ "h48.2", "v1017.8" ] ],
    [ "btn3:2.r", "and44:A", "gold", [ "h48.2", "v1075.4" ] ],
    [ "led27:A", "r11:1", "green", [ "v0" ] ],
    [ "led28:A", "r12:1", "green", [ "v0" ] ],
    [ "led29:A", "r13:1", "green", [ "v0" ] ],
    [ "led30:A", "r14:1", "green", [ "v0" ] ],
    [ "led31:A", "r15:1", "green", [ "v0" ] ],
    [ "led32:A", "r16:1", "green", [ "v0" ] ],
    [ "led33:A", "r17:1", "green", [ "v0" ] ],
    [ "led34:A", "r18:1", "green", [ "v0" ] ],
    [ "gnd12:GND", "led27:C", "black", [ "v0" ] ],
    [ "gnd12:GND", "led28:C", "black", [ "v0" ] ],
    [ "gnd12:GND", "led29:C", "black", [ "v0" ] ],
    [ "gnd12:GND", "led30:C", "black", [ "v0" ] ],
    [ "gnd12:GND", "led31:C", "black", [ "v0" ] ],
    [ "gnd12:GND", "led32:C", "black", [ "v0" ] ],
    [ "gnd12:GND", "led33:C", "black", [ "v0" ] ],
    [ "gnd12:GND", "led34:C", "black", [ "v0" ] ],
    [ "and44:OUT", "r18:2", "green", [ "v0", "h566.4" ] ],
    [ "and42:OUT", "r17:2", "green", [ "v0", "h508.8", "v-115.2" ] ],
    [ "and40:OUT", "r16:2", "green", [ "v0", "h528" ] ],
    [ "and38:OUT", "r15:2", "green", [ "v28.8", "h508.8" ] ],
    [ "and36:OUT", "r14:2", "green", [ "v28.8", "h547.2", "v115.2" ] ],
    [ "and34:OUT", "r13:2", "green", [ "v57.6", "h576", "v192" ] ],
    [ "and32:OUT", "r12:2", "green", [ "v0", "h259.2", "v230.4", "h297.6", "v96" ] ],
    [ "and30:OUT", "r11:2", "green", [ "v0", "h297.6", "v345.6", "h220.8", "v67.2" ] ],
    [ "uno:A5", "r2:2", "white", [ "v355.1", "h1674.7", "v-220.8" ] ],
    [ "uno:A5", "flop32:CLK", "white", [ "v355.1", "h1674.7", "v-297.6" ] ],
    [ "uno:A5", "flop31:CLK", "white", [ "v355.1", "h1674.7", "v-364.8" ] ],
    [ "uno:A5", "flop30:CLK", "white", [ "v355.1", "h1674.7", "v-432" ] ],
    [ "uno:A5", "flop29:CLK", "white", [ "v355.1", "h1674.7", "v-499.2" ] ],
    [ "uno:A5", "flop28:CLK", "white", [ "v355.1", "h1674.7", "v-576" ] ],
    [ "uno:A5", "flop27:CLK", "white", [ "v355.1", "h1674.7", "v-643.2" ] ],
    [ "uno:A5", "flop26:CLK", "white", [ "v355.1", "h1674.7", "v-710.4" ] ],
    [ "uno:A5", "flop25:CLK", "white", [ "v355.1", "h1674.7", "v-777.6" ] ],
    [ "or1:OUT", "mux8:B", "black", [ "v67.2", "h883.2", "v614.4" ] ],
    [ "or6:OUT", "mux7:B", "#8f4814", [ "v38.4", "h182.4", "v86.4", "h720", "v547.2" ] ],
    [ "or5:OUT", "mux6:B", "red", [ "v28.8", "h192", "v144", "h720", "v508.8" ] ],
    [ "or4:OUT", "mux5:B", "orange", [ "v28.8", "h211.2", "v192", "h720", "v451.2" ] ],
    [ "or2:OUT", "mux4:B", "gold", [ "v38.4", "h220.8", "v230.4", "h720", "v355.2" ] ],
    [ "or7:OUT", "mux3:B", "green", [ "v28.8", "h950.4", "v345.6" ] ],
    [ "or3:OUT", "mux2:B", "blue", [ "v48", "h969.6", "v547.2" ] ],
    [ "or8:OUT", "mux1:B", "violet", [ "v38.4", "h988.8", "v556.8" ] ],
    [ "and29:OUT", "or8:A", "green", [ "v-691.2", "h-2217.6", "v105.6" ] ],
    [ "and29:OUT", "or8:B", "green", [ "v-691.2", "h-2217.6" ] ],
    [ "and31:OUT", "or3:A", "green", [ "v0", "h38.4", "v-825.6", "h-2275.2", "v115.2" ] ],
    [ "and31:OUT", "or3:B", "green", [ "v0", "h38.4", "v-825.6", "h-2275.2", "v163.2" ] ],
    [ "and33:OUT", "or7:A", "green", [ "v0", "h76.8", "v-940.8", "h-2323.2", "v182.4" ] ],
    [ "and33:OUT", "or7:B", "green", [ "v0", "h76.8", "v-940.8", "h-2323.2", "v220.8" ] ],
    [ "and35:OUT", "or2:A", "green", [ "v0", "h115.2", "v-1075.2", "h-2371.2", "v230.4" ] ],
    [ "and35:OUT", "or2:B", "green", [ "v0", "h115.2", "v-1075.2", "h-2371.2", "v259.2" ] ],
    [ "and37:OUT", "or4:A", "green", [ "v0", "h153.6", "v-1209.6", "h-2419.2", "v288" ] ],
    [ "and37:OUT", "or4:B", "green", [ "v0", "h153.6", "v-1209.6", "h-2419.2", "v307.2" ] ],
    [ "and39:OUT", "or5:A", "green", [ "v0", "h192", "v-1344", "h-2476.8", "v336" ] ],
    [ "and39:OUT", "or5:B", "green", [ "v0", "h192", "v-1344", "h-2467.2", "v355.2" ] ],
    [ "and41:OUT", "or6:A", "green", [ "v0", "h240", "v-1459.2", "h-2534.4", "v374.4" ] ],
    [
      "and41:OUT",
      "or6:B",
      "green",
      [ "v-9.6", "h240", "v-1449.6", "h-2534.4", "v412.8", "h105.6" ]
    ],
    [ "and43:OUT", "or1:A", "green", [ "v0", "h268.8", "v-1593.6", "h-2563.2", "v441.6" ] ],
    [ "and43:OUT", "or1:B", "green", [ "v0", "h268.8", "v-1593.6", "h-2563.2", "v460.8" ] ],
    [ "led19:A", "r3:1", "green", [ "v0" ] ],
    [ "led20:A", "r4:1", "green", [ "v0" ] ],
    [ "led21:A", "r5:1", "green", [ "v0" ] ],
    [ "led22:A", "r6:1", "green", [ "v0" ] ],
    [ "led23:A", "r7:1", "green", [ "v0" ] ],
    [ "led24:A", "r8:1", "green", [ "v0" ] ],
    [ "led25:A", "r9:1", "green", [ "v0" ] ],
    [ "led26:A", "r10:1", "green", [ "v0" ] ],
    [ "gnd12:GND", "led26:C", "black", [ "v0" ] ],
    [ "gnd12:GND", "led25:C", "black", [ "v0" ] ],
    [ "gnd12:GND", "led24:C", "black", [ "v0" ] ],
    [ "gnd12:GND", "led23:C", "black", [ "v0" ] ],
    [ "gnd12:GND", "led22:C", "black", [ "v0" ] ],
    [ "gnd12:GND", "led21:C", "black", [ "v0" ] ],
    [ "gnd12:GND", "led20:C", "black", [ "v0" ] ],
    [ "gnd12:GND", "led19:C", "black", [ "v0" ] ],
    [ "and29:OUT", "r3:2", "violet", [ "v0", "h528" ] ],
    [ "and31:OUT", "r4:2", "blue", [ "v0", "h211.2", "v-172.8", "h355.2", "v115.2" ] ],
    [ "and33:OUT", "r5:2", "green", [ "v0", "h288", "v-316.8", "h297.6", "v182.4" ] ],
    [ "and35:OUT", "r6:2", "gold", [ "v0", "h297.6", "v-499.2", "h316.8", "v268.8" ] ],
    [ "and37:OUT", "r7:2", "orange", [ "v0", "h297.6", "v-672", "h355.2", "v336" ] ],
    [ "and39:OUT", "r8:2", "red", [ "v0", "h297.6", "v211.2", "h355.2", "v-643.2" ] ],
    [ "and41:OUT", "r9:2", "#8f4814", [ "v19.2", "h297.6", "v67.2", "h355.2", "v-566.4" ] ],
    [ "and43:OUT", "r10:2", "black", [ "v0", "h652.8", "v-595.2", "h-144" ] ],
    [ "led35:A", "r19:1", "white", [ "v0" ] ],
    [ "led35:C", "gnd13:GND", "green", [ "v0" ] ],
    [ "mux9:OUT", "flop33:D", "green", [ "v0" ] ],
    [ "vcc4:VCC", "btn4:1.r", "red", [ "v0" ] ],
    [ "btn4:2.r", "mux9:SEL", "yellow", [ "h19.4", "v48.2" ] ],
    [ "mux10:OUT", "flop34:D", "green", [ "v0", "h240" ] ],
    [ "mux11:OUT", "flop35:D", "green", [ "v0" ] ],
    [ "mux12:OUT", "flop36:D", "green", [ "v0" ] ],
    [ "mux16:OUT", "flop40:D", "green", [ "v0" ] ],
    [ "mux15:OUT", "flop39:D", "green", [ "v0" ] ],
    [ "mux14:OUT", "flop38:D", "green", [ "v0" ] ],
    [ "mux13:OUT", "flop37:D", "green", [ "v0" ] ],
    [ "btn4:2.r", "mux10:SEL", "gold", [ "h9.8", "v115.4", "h105.6" ] ],
    [ "btn4:2.r", "mux11:SEL", "gold", [ "h0.2", "v173" ] ],
    [ "btn4:2.r", "mux12:SEL", "gold", [ "h0.2", "v240.2" ] ],
    [ "btn4:2.r", "mux13:SEL", "gold", [ "h0.2", "v326.6" ] ],
    [ "btn4:2.r", "mux14:SEL", "gold", [ "h0.2", "v393.8" ] ],
    [ "btn4:2.r", "mux15:SEL", "gold", [ "h0.2", "v451.4" ] ],
    [ "btn4:2.r", "mux16:SEL", "gold", [ "h0.2", "v509" ] ],
    [ "flop33:Q", "mux9:A", "cyan", [ "v-28.8", "h-422.4" ] ],
    [ "flop34:Q", "mux10:A", "cyan", [ "v-28.8", "h-422.4" ] ],
    [ "flop35:Q", "mux11:A", "cyan", [ "v-28.8", "h-422.4" ] ],
    [ "flop36:Q", "mux12:A", "cyan", [ "v-28.8", "h-422.4" ] ],
    [ "flop37:Q", "mux13:A", "cyan", [ "v-28.8", "h-422.4" ] ],
    [ "flop38:Q", "mux14:A", "cyan", [ "v-28.8", "h-422.4" ] ],
    [ "flop39:Q", "mux15:A", "cyan", [ "v-28.8", "h-422.4" ] ],
    [ "flop40:Q", "mux16:A", "cyan", [ "v-28.8", "h-422.4" ] ],
    [ "uno:A5", "r19:2", "white", [ "v1641.5", "h1645.9", "v-76.8" ] ],
    [ "uno:A5", "flop33:CLK", "white", [ "v844.7", "h1655.5", "v172.8" ] ],
    [ "uno:A5", "flop34:CLK", "white", [ "v844.7", "h1655.5", "v240" ] ],
    [ "uno:A5", "flop35:CLK", "white", [ "v844.7", "h1655.5", "v297.6" ] ],
    [ "uno:A5", "flop36:CLK", "green", [ "v844.7", "h1655.5", "v374.4" ] ],
    [ "uno:A5", "flop37:CLK", "green", [ "v844.7", "h1655.5", "v441.6" ] ],
    [ "uno:A5", "flop38:CLK", "green", [ "v844.7", "h1655.5", "v508.8" ] ],
    [ "uno:A5", "flop39:CLK", "green", [ "v844.7", "h1655.5", "v576" ] ],
    [ "uno:A5", "flop40:CLK", "green", [ "v844.7", "h1655.5", "v643.2" ] ],
    [ "led36:A", "r20:1", "green", [ "v0" ] ],
    [ "led37:A", "r21:1", "green", [ "v0" ] ],
    [ "led38:A", "r22:1", "green", [ "v0" ] ],
    [ "led39:A", "r23:1", "green", [ "v0" ] ],
    [ "led40:A", "r24:1", "green", [ "v0" ] ],
    [ "led41:A", "r25:1", "green", [ "v0" ] ],
    [ "led42:A", "r26:1", "green", [ "v0" ] ],
    [ "led43:A", "r27:1", "green", [ "v0" ] ],
    [ "gnd14:GND", "led43:C", "black", [ "v0" ] ],
    [ "gnd14:GND", "led42:C", "black", [ "v0" ] ],
    [ "gnd14:GND", "led41:C", "black", [ "v0" ] ],
    [ "gnd14:GND", "led40:C", "black", [ "v0" ] ],
    [ "gnd14:GND", "led39:C", "black", [ "v0" ] ],
    [ "gnd14:GND", "led38:C", "black", [ "v0" ] ],
    [ "gnd14:GND", "led37:C", "black", [ "v0" ] ],
    [ "gnd14:GND", "led36:C", "black", [ "v0" ] ],
    [ "flop33:Q", "r20:2", "green", [ "v0", "h307.2", "v96" ] ],
    [ "flop34:Q", "r21:2", "green", [ "v-19.2", "h336", "v96" ] ],
    [ "flop35:Q", "r22:2", "green", [ "v0", "h76.8", "v-153.6", "h278.4", "v172.8" ] ],
    [ "flop40:Q", "r27:2", "green", [ "v0", "h336", "v-48" ] ],
    [ "flop39:Q", "r26:2", "green", [ "v-19.2", "h307.2" ] ],
    [ "flop38:Q", "r25:2", "green", [ "v0", "h297.6", "v-9.6" ] ],
    [ "flop37:Q", "r24:2", "green", [ "v-19.2", "h307.2", "v28.8" ] ],
    [ "flop36:Q", "r23:2", "green", [ "v9.6", "h316.8", "v28.8" ] ],
    [ "or1:OUT", "mux16:B", "green", [ "v0" ] ],
    [ "or6:OUT", "mux15:B", "green", [ "v0" ] ],
    [ "or5:OUT", "mux14:B", "green", [ "v2112", "h1257.6" ] ],
    [ "or4:OUT", "mux13:B", "green", [ "v0" ] ],
    [ "or2:OUT", "mux12:B", "green", [ "v0" ] ],
    [ "or7:OUT", "mux11:B", "green", [ "v0" ] ],
    [ "or3:OUT", "mux10:B", "green", [ "v0" ] ],
    [ "or8:OUT", "mux9:B", "green", [ "v0" ] ],
    [ "vcc5:VCC", "and49:B", "red", [ "v9.6", "h67.2" ] ],
    [ "and49:B", "and48:B", "green", [ "h-27.18", "v-38", "h28.8" ] ],
    [ "and48:B", "and47:B", "green", [ "h-27.18", "v-47.6", "h19.2" ] ],
    [ "and47:B", "and45:B", "green", [ "h-27.18", "v-57.2", "h19.2" ] ],
    [ "and45:B", "and53:B", "green", [ "h-27.18", "v-47.6", "h19.2" ] ],
    [ "and53:B", "and52:B", "green", [ "h-17.58", "v-47.6", "h19.2" ] ],
    [ "and52:B", "and51:B", "green", [ "h-17.58", "v-47.6", "h9.6" ] ],
    [ "and51:B", "and50:B", "green", [ "h-17.58", "v-47.6", "h19.2" ] ],
    [ "or1:OUT", "and49:A", "green", [ "v-19.2", "h1651.2", "v-38.4", "h835.2", "v-76.8" ] ],
    [
      "and48:A",
      "or6:OUT",
      "green",
      [
        "h-134.4",
        "v115.2",
        "h-163.2",
        "v-9.6",
        "h-672",
        "v48",
        "h-595.2",
        "v-67.2",
        "h-681.6",
        "v9.6",
        "h-297.6",
        "v9.6"
      ]
    ],
    [
      "or5:OUT",
      "and47:A",
      "green",
      [
        "v-9.6",
        "h393.6",
        "v0",
        "h662.4",
        "v67.2",
        "h547.2",
        "v-48",
        "h777.6",
        "v28.8",
        "h0",
        "v-9.6",
        "h67.2",
        "v-163.2"
      ]
    ],
    [
      "and45:A",
      "or4:OUT",
      "green",
      [
        "h-163.2",
        "v163.2",
        "h-201.6",
        "v9.6",
        "h-652.8",
        "v48",
        "h-153.6",
        "v0",
        "h-345.6",
        "v-86.4",
        "h-422.4",
        "v-28.8",
        "h-201.6",
        "v-9.6",
        "h-432",
        "v28.8"
      ]
    ],
    [
      "or2:OUT",
      "and53:A",
      "green",
      [
        "v-9.6",
        "h393.6",
        "v9.6",
        "h288",
        "v48",
        "h412.8",
        "v0",
        "h9.6",
        "v76.8",
        "h470.4",
        "v-38.4",
        "h499.2",
        "v-9.6",
        "h249.6",
        "v-19.2",
        "h105.6",
        "v-192"
      ]
    ],
    [
      "and52:A",
      "or7:OUT",
      "green",
      [
        "h-192",
        "v240",
        "h0",
        "v0",
        "h-96",
        "v28.8",
        "h-672",
        "v0",
        "h-86.4",
        "v38.4",
        "h-432",
        "v-96",
        "h-67.2",
        "v9.6",
        "h-326.4",
        "v-57.6",
        "h-710.4",
        "v-38.4",
        "h-19.2"
      ]
    ],
    [
      "or3:OUT",
      "and51:A",
      "green",
      [
        "v-28.8",
        "h489.6",
        "v9.6",
        "h441.6",
        "v0",
        "h67.2",
        "v134.4",
        "h57.6",
        "v-9.6",
        "h96",
        "v96",
        "h393.6",
        "v-48",
        "h134.4",
        "v0",
        "h604.8",
        "v-28.8",
        "h115.2",
        "v-259.2"
      ]
    ],
    [
      "and50:A",
      "or8:OUT",
      "green",
      [
        "h-249.6",
        "v316.8",
        "h-268.8",
        "v19.2",
        "h-566.4",
        "v67.2",
        "h-220.8",
        "v0",
        "h-144",
        "v-105.6",
        "h-153.6",
        "v-124.8",
        "h-307.2",
        "v-38.4",
        "h-633.6",
        "v0",
        "h-76.8"
      ]
    ],
    [ "and12:B", "or8:OUT", "violet", [ "h-124.8", "v518.4" ] ],
    [ "and11:B", "or3:OUT", "blue", [ "h-105.6", "v518.4", "h19.2" ] ],
    [ "and10:B", "or7:OUT", "green", [ "h-76.8", "v528", "h-9.6" ] ],
    [ "and9:B", "or2:OUT", "gold", [ "h-67.2", "v528", "h-67.2" ] ],
    [ "and8:B", "or4:OUT", "orange", [ "h-57.6", "v537.6", "h9.6" ] ],
    [ "and5:B", "or5:OUT", "red", [ "h-48", "v537.6" ] ],
    [ "and7:B", "or6:OUT", "#8f4814", [ "h-38.4", "v547.2" ] ],
    [ "and6:B", "or1:OUT", "black", [ "h-28.8", "v566.4" ] ],
    [ "xor6:OUT", "xor5:A", "green", [ "v0", "h38.4" ] ],
    [ "and62:A", "xor6:OUT", "green", [ "h-76.8", "v-76.8" ] ],
    [ "and62:OUT", "or17:A", "green", [ "v0", "h48" ] ],
    [ "and61:OUT", "or17:B", "green", [ "v28.8", "h201.6" ] ],
    [ "xor8:OUT", "xor7:A", "green", [ "v0", "h38.4" ] ],
    [ "and64:A", "xor8:OUT", "green", [ "h-76.8", "v-76.8" ] ],
    [ "and64:OUT", "or18:A", "green", [ "v0", "h48" ] ],
    [ "and63:OUT", "or18:B", "green", [ "v28.8", "h201.6" ] ],
    [ "xor10:OUT", "xor9:A", "green", [ "v0", "h38.4" ] ],
    [ "and66:A", "xor10:OUT", "green", [ "h-76.8", "v-76.8" ] ],
    [ "and66:OUT", "or19:A", "green", [ "v0", "h48" ] ],
    [ "and65:OUT", "or19:B", "green", [ "v28.8", "h201.6" ] ],
    [ "xor12:OUT", "xor11:A", "green", [ "v0", "h38.4" ] ],
    [ "and68:A", "xor12:OUT", "green", [ "h-76.8", "v-76.8" ] ],
    [ "and68:OUT", "or20:A", "green", [ "v0", "h48" ] ],
    [ "and67:OUT", "or20:B", "green", [ "v28.8", "h201.6" ] ],
    [ "xor14:OUT", "xor13:A", "green", [ "v0", "h38.4" ] ],
    [ "and70:A", "xor14:OUT", "green", [ "h-76.8", "v-76.8" ] ],
    [ "and70:OUT", "or21:A", "green", [ "v0", "h48" ] ],
    [ "and69:OUT", "or21:B", "green", [ "v28.8", "h201.6" ] ],
    [ "xor16:OUT", "xor15:A", "green", [ "v0", "h38.4" ] ],
    [ "and72:A", "xor16:OUT", "green", [ "h-76.8", "v-76.8" ] ],
    [ "and72:OUT", "or22:A", "green", [ "v0", "h48" ] ],
    [ "and71:OUT", "or22:B", "green", [ "v28.8", "h201.6" ] ],
    [ "xor18:OUT", "xor17:A", "green", [ "v0", "h38.4" ] ],
    [ "and74:A", "xor18:OUT", "green", [ "h-76.8", "v-76.8" ] ],
    [ "and74:OUT", "or23:A", "green", [ "v0", "h48" ] ],
    [ "and73:OUT", "or23:B", "green", [ "v28.8", "h201.6" ] ],
    [ "xor20:OUT", "xor19:A", "green", [ "v0", "h38.4" ] ],
    [ "and76:A", "xor20:OUT", "green", [ "h-76.8", "v-76.8" ] ],
    [ "xor5:B", "and62:B", "yellow", [ "h-2.4", "v68.93" ] ],
    [ "or17:OUT", "and64:B", "yellow", [ "v40.13", "h256.8", "v-57.6" ] ],
    [ "or18:OUT", "and66:B", "yellow", [ "v57.6", "h268.8", "v-76.8" ] ],
    [ "or19:OUT", "and68:B", "yellow", [ "v67.2", "h278.4" ] ],
    [ "or20:OUT", "and70:B", "yellow", [ "v105.6", "h316.8" ] ],
    [ "or21:OUT", "and72:B", "yellow", [ "v76.8", "h307.2" ] ],
    [ "or22:OUT", "and74:B", "yellow", [ "v67.2", "h364.8" ] ],
    [ "or23:OUT", "and76:B", "yellow", [ "v105.6", "h259.2" ] ],
    [ "xor19:B", "and76:B", "yellow", [ "h0", "v67.2" ] ],
    [ "xor17:B", "and74:B", "yellow", [ "h0", "v76.8" ] ],
    [ "xor15:B", "and72:B", "yellow", [ "h0", "v76.8" ] ],
    [ "xor13:B", "and70:B", "yellow", [ "h0", "v67.2" ] ],
    [ "xor11:B", "and68:B", "yellow", [ "h-9.6", "v76.8" ] ],
    [ "xor9:B", "and66:B", "yellow", [ "h0", "v67.2" ] ],
    [ "xor7:B", "and64:B", "yellow", [ "h0", "v67.2" ] ],
    [ "xor20:A", "and75:A", "cyan", [ "h-19.2", "v86.4" ] ],
    [ "xor6:A", "and61:A", "cyan", [ "h-40.8", "v49.73" ] ],
    [ "xor8:A", "and63:A", "cyan", [ "h-18.1", "v96" ] ],
    [ "xor10:A", "and65:A", "cyan", [ "h-28.8", "v96" ] ],
    [ "xor12:A", "and67:A", "cyan", [ "h-28.8", "v86.4" ] ],
    [ "xor14:A", "and69:A", "cyan", [ "h-28.8", "v76.8" ] ],
    [ "xor16:A", "and71:A", "cyan", [ "h-28.8", "v76.8" ] ],
    [ "xor18:A", "and73:A", "cyan", [ "h-48", "v57.6" ] ],
    [ "xor6:B", "and61:B", "magenta", [ "h-2.4", "v107.33" ] ],
    [ "xor8:B", "and63:B", "magenta", [ "h9.6", "v96" ] ],
    [ "xor10:B", "and65:B", "magenta", [ "h0", "v96" ] ],
    [ "xor12:B", "and67:B", "magenta", [ "h0", "v96" ] ],
    [ "xor14:B", "and69:B", "magenta", [ "h-19.2", "v96" ] ],
    [ "xor16:B", "and71:B", "magenta", [ "h-9.6", "v67.2" ] ],
    [ "xor18:B", "and73:B", "magenta", [ "h-9.6", "v67.2" ] ],
    [ "xor20:B", "and75:B", "magenta", [ "h-9.6", "v105.6" ] ],
    [ "led52:A", "xor5:OUT", "green", [ "v0" ] ],
    [ "led53:A", "xor7:OUT", "green", [ "v0" ] ],
    [ "led54:A", "xor9:OUT", "green", [ "v0" ] ],
    [ "led55:A", "xor11:OUT", "green", [ "v0" ] ],
    [ "led56:A", "xor13:OUT", "green", [ "v0" ] ],
    [ "led57:A", "xor15:OUT", "green", [ "v0" ] ],
    [ "led58:A", "xor17:OUT", "green", [ "v0" ] ],
    [ "led58:C", "gnd17:GND", "green", [ "v0" ] ],
    [ "led57:C", "gnd18:GND", "green", [ "v0" ] ],
    [ "led56:C", "gnd19:GND", "green", [ "v0" ] ],
    [ "led55:C", "gnd20:GND", "green", [ "v0" ] ],
    [ "led54:C", "gnd21:GND", "green", [ "v0" ] ],
    [ "led53:C", "gnd22:GND", "green", [ "v0" ] ],
    [ "led52:C", "gnd23:GND", "green", [ "v0" ] ],
    [ "and76:OUT", "or24:A", "green", [ "v0" ] ],
    [ "and75:OUT", "or24:B", "green", [ "v47.65", "h183.5" ] ],
    [ "xor19:OUT", "led59:A", "green", [ "v-0.35", "h260.3" ] ],
    [ "or24:OUT", "led60:A", "green", [ "v-9.6", "h124.8" ] ],
    [ "led59:C", "gnd24:GND", "green", [ "v0" ] ],
    [ "led60:C", "gnd25:GND", "green", [ "v0" ] ],
    [ "and44:OUT", "xor6:A", "cyan", [ "v-9.6", "h710.4", "v-816", "h288", "v-326.4", "h19.2" ] ],
    [
      "and42:OUT",
      "xor8:A",
      "cyan",
      [ "v48", "h960", "v-297.6", "h240", "v-537.6", "h288", "v-249.6" ]
    ],
    [
      "and40:OUT",
      "xor10:A",
      "cyan",
      [
        "v19.2",
        "h1132.8",
        "v-76.8",
        "h249.6",
        "v-422.4",
        "h19.2",
        "v-230.4",
        "h355.2",
        "v19.2",
        "h249.6",
        "v-239.65"
      ]
    ],
    [
      "xor12:A",
      "and38:OUT",
      "cyan",
      [ "h-46.9", "v556.45", "h-307.2", "v192", "h-1056", "v96", "h-345.6" ]
    ],
    [
      "and36:OUT",
      "xor14:A",
      "cyan",
      [
        "v38.4",
        "h1372.8",
        "v-28.8",
        "h1334.4",
        "v-153.6",
        "h28.8",
        "v-76.8",
        "h268.8",
        "v-441.6",
        "h85.3"
      ]
    ],
    [
      "and34:OUT",
      "xor16:A",
      "cyan",
      [ "v-19.2", "h1392", "v9.6", "h1142.4", "v-28.8", "h892.8", "v-220.8", "h134.4", "v-240" ]
    ],
    [
      "and32:OUT",
      "xor18:A",
      "cyan",
      [ "v-38.4", "h1555.2", "v0", "h1372.8", "v9.6", "h1190.4", "v-326.4", "h28.8", "v-67.2" ]
    ],
    [
      "xor20:A",
      "and30:OUT",
      "cyan",
      [
        "h-75.7",
        "v441.25",
        "h-816",
        "v76.8",
        "h-1459.2",
        "v-76.8",
        "h-1660.8",
        "v-105.6",
        "h-777.6"
      ]
    ],
    [
      "xor5:OUT",
      "or1:B",
      "black",
      [
        "v-56.22",
        "h-414.1",
        "v9.6",
        "h-1152",
        "v-9.6",
        "h-672",
        "v0",
        "h-480",
        "v96",
        "h-124.8",
        "v-19.2",
        "h-566.4"
      ]
    ],
    [
      "or1:A",
      "xor5:OUT",
      "black",
      [
        "h-9.6",
        "v96",
        "h412.8",
        "v0",
        "h182.4",
        "v38.4",
        "h220.8",
        "v-105.6",
        "h345.6",
        "v19.2",
        "h585.6",
        "v-9.6",
        "h508.8",
        "v0",
        "h700.8",
        "v-9.6",
        "h460.8"
      ]
    ],
    [
      "or6:B",
      "xor7:OUT",
      "red",
      [ "v19.2", "h336", "v-9.6", "h1056", "v9.6", "h2140.8", "h403.2", "v125.15" ]
    ],
    [
      "or6:A",
      "xor7:OUT",
      "red",
      [
        "h0",
        "v-19.2",
        "h144",
        "v124.8",
        "h38.4",
        "v-9.6",
        "h931.2",
        "v28.8",
        "h873.6",
        "v-9.6",
        "h652.8",
        "v28.8",
        "h480",
        "v-134.4",
        "h460.8",
        "v48",
        "h345.6"
      ]
    ],
    [
      "xor9:OUT",
      "or5:B",
      "red",
      [
        "v-96.35",
        "h-1218.1",
        "v19.2",
        "h-211.2",
        "v96",
        "h-432",
        "v-38.4",
        "h-787.2",
        "v-86.4",
        "h-835.2",
        "v-9.6",
        "h-470.4",
        "v-9.6",
        "h-489.6"
      ]
    ],
    [
      "xor9:OUT",
      "or5:A",
      "red",
      [
        "v-115.55",
        "h-766.9",
        "v0",
        "h-451.2",
        "v38.4",
        "h-182.4",
        "v67.2",
        "h-537.6",
        "v9.6",
        "h-825.6",
        "v-9.6",
        "h-835.2",
        "v67.2",
        "h-249.6",
        "v-67.2",
        "h-192",
        "v-153.6",
        "h-364.8",
        "v-9.6"
      ]
    ],
    [
      "xor11:OUT",
      "or4:B",
      "red",
      [
        "v-0.35",
        "h29.9",
        "v-134.4",
        "h-1084.8",
        "v0",
        "h-700.8",
        "v105.6",
        "h-1046.4",
        "v-19.2",
        "h-1219.2",
        "v-124.8",
        "h-489.6"
      ]
    ],
    [
      "xor11:OUT",
      "or4:A",
      "red",
      [
        "v18.85",
        "h77.9",
        "v-153.6",
        "h-499.2",
        "v-19.2",
        "h-825.6",
        "v9.6",
        "h-508.8",
        "v124.8",
        "h-585.6",
        "v-38.4",
        "h-604.8",
        "v-48",
        "h-441.6",
        "v-9.6",
        "h-585.6",
        "v-67.2",
        "h-240",
        "v-19.2",
        "h-278.4",
        "v0",
        "h-307.2",
        "v-19.2",
        "h-124.8"
      ]
    ],
    [
      "xor13:OUT",
      "or2:B",
      "red",
      [
        "v-173.15",
        "h-1016.5",
        "v-9.6",
        "h-1257.6",
        "v163.2",
        "h-729.6",
        "v-28.8",
        "h-787.2",
        "v-76.8",
        "h-700.8",
        "v-115.2",
        "h-307.2",
        "v19.2",
        "h-441.6",
        "v0",
        "h-57.6",
        "v-9.6",
        "h-153.6"
      ]
    ],
    [
      "xor13:OUT",
      "or2:A",
      "red",
      [
        "v-163.55",
        "h-536.5",
        "v-9.6",
        "h-873.6",
        "v-9.6",
        "h-806.4",
        "v144",
        "h-547.2",
        "v0",
        "h-873.6",
        "v-96",
        "h-777.6",
        "v-124.8",
        "h-489.6",
        "v-19.2",
        "h-614.4"
      ]
    ],
    [
      "xor15:OUT",
      "or7:A",
      "red",
      [
        "v-211.55",
        "h-1064.5",
        "v48",
        "h-1353.6",
        "v105.6",
        "h-1075.2",
        "v9.6",
        "h-1123.2",
        "v9.6",
        "h-643.2",
        "v-288",
        "h-470.4",
        "h-316.8"
      ]
    ],
    [
      "xor15:OUT",
      "or7:B",
      "red",
      [
        "v-240.35",
        "h-1112.5",
        "v48",
        "h-1430.4",
        "v211.2",
        "h-393.6",
        "v-192",
        "h-700.8",
        "v-124.8",
        "h-969.6",
        "v-134.4",
        "h-739.2",
        "v-57.6",
        "h-700.8"
      ]
    ],
    [
      "or3:A",
      "xor17:OUT",
      "red",
      [
        "v-19.2",
        "h633.6",
        "v38.4",
        "h902.4",
        "v115.2",
        "h700.8",
        "v134.4",
        "h345.6",
        "v96",
        "h604.8",
        "v-9.6",
        "h288",
        "v-76.8",
        "h576",
        "v-19.2",
        "h1545.6",
        "v-28.8",
        "h547.2",
        "v9.6",
        "h517.3"
      ]
    ],
    [
      "or3:B",
      "xor17:OUT",
      "red",
      [
        "h19.2",
        "v0",
        "h-19.2",
        "v9.6",
        "h633.6",
        "v19.2",
        "h220.8",
        "v-19.2",
        "h787.2",
        "v105.6",
        "h739.2",
        "v230.4",
        "h1075.2",
        "v-124.8",
        "h854.4",
        "v0",
        "h979.2",
        "v-57.6",
        "h988.8",
        "v19.2",
        "h374.4"
      ]
    ],
    [
      "xor19:OUT",
      "or8:A",
      "red",
      [
        "v-144.35",
        "h-1160.5",
        "v-86.4",
        "h-1699.2",
        "v57.6",
        "h-1142.4",
        "v182.4",
        "h-1161.6",
        "v-76.8",
        "h-1209.6",
        "v-326.4",
        "h-240",
        "v0",
        "h-624"
      ]
    ],
    [
      "or8:B",
      "xor19:OUT",
      "red",
      [
        "h710.4",
        "v9.6",
        "h201.6",
        "v105.6",
        "h-28.8",
        "v192",
        "h672",
        "v19.2",
        "h403.2",
        "v-9.6",
        "h681.6",
        "v67.2",
        "h643.2",
        "v-86.4",
        "h1363.2",
        "v-9.6",
        "h960",
        "v9.6",
        "h1680",
        "v28.8",
        "h28.8",
        "v-86.4",
        "h48",
        "v115.55"
      ]
    ],
    [
      "flop40:Q",
      "xor6:B",
      "magenta",
      [ "v9.6", "h720", "v-710.4", "h1094.4", "v-1209.6", "h-412.8", "v-153.6" ]
    ],
    [
      "flop39:Q",
      "xor8:B",
      "magenta",
      [
        "v-9.6",
        "h19.2",
        "v57.6",
        "h585.6",
        "v-345.6",
        "h249.6",
        "v-451.2",
        "h1036.8",
        "v-700.8",
        "h46.9"
      ]
    ],
    [
      "flop38:Q",
      "xor10:B",
      "magenta",
      [
        "v9.6",
        "h662.4",
        "v-105.6",
        "h259.2",
        "v-259.2",
        "h230.4",
        "v-67.2",
        "h854.4",
        "v-489.6",
        "h0",
        "v-758.4",
        "h451.2",
        "v-105.6",
        "h-19.2",
        "v-192"
      ]
    ],
    [
      "flop37:Q",
      "xor12:B",
      "magenta",
      [
        "v0",
        "h480",
        "v-115.2",
        "h864",
        "v-86.4",
        "h873.6",
        "v-528",
        "h230.4",
        "v-883.2",
        "h470.4",
        "v-297.6"
      ]
    ],
    [
      "flop36:Q",
      "xor14:B",
      "magenta",
      [
        "v-28.8",
        "h556.8",
        "v-76.8",
        "h1267.2",
        "v-672",
        "h768",
        "v-768",
        "h854.4",
        "v-288",
        "h67.2",
        "v144"
      ]
    ],
    [
      "flop35:Q",
      "xor16:B",
      "magenta",
      [ "v-19.2", "h969.6", "v-201.6", "h1324.8", "v-432", "h883.2", "v-595.2", "h816", "v-480" ]
    ],
    [
      "flop34:Q",
      "xor18:B",
      "magenta",
      [
        "v0",
        "h508.8",
        "v-9.6",
        "h988.8",
        "v-48",
        "h1334.4",
        "v-460.8",
        "h470.4",
        "v-585.6",
        "h825.6",
        "v-316.8",
        "h499.2",
        "v-19.2"
      ]
    ],
    [
      "flop33:Q",
      "xor20:B",
      "magenta",
      [
        "v-48",
        "h652.8",
        "v9.6",
        "h1084.8",
        "v-9.6",
        "h1171.2",
        "v-211.2",
        "h144",
        "v-163.2",
        "h316.8",
        "v-384",
        "h124.8",
        "v-192",
        "h662.4",
        "v-230.4",
        "h681.6",
        "v-57.6",
        "h326.4",
        "v-374.4"
      ]
    ],
    [ "btn5:1.r", "vcc7:VCC", "green", [ "v-9.6", "h9.8" ] ],
    [ "and62:B", "btn5:2.r", "yellow", [ "h-30.1", "v87.78", "h-307.4" ] ],
    [ "and54:OUT", "led44:A", "green", [ "v0" ] ],
    [ "and55:OUT", "led45:A", "green", [ "v0" ] ],
    [ "and46:OUT", "led46:A", "green", [ "v0" ] ],
    [ "and56:OUT", "led47:A", "green", [ "v0" ] ],
    [ "and57:OUT", "led48:A", "green", [ "v0" ] ],
    [ "and58:OUT", "led49:A", "green", [ "v0" ] ],
    [ "led50:A", "and59:OUT", "green", [ "v0" ] ],
    [ "and60:OUT", "led51:A", "green", [ "v0" ] ],
    [ "vcc6:VCC", "and54:B", "red", [ "v0", "h28.8" ] ],
    [ "and54:B", "and55:B", "green", [ "h-9.6", "v-67.2", "h-9.6" ] ],
    [ "and55:B", "and46:B", "green", [ "h-19.2" ] ],
    [ "and46:B", "and56:B", "green", [ "h-19.2", "v-57.6", "h9.6" ] ],
    [ "and56:B", "and60:B", "green", [ "h9.6", "v-105.6" ] ],
    [ "and60:B", "and59:B", "green", [ "h-19.2", "v-57.6" ] ],
    [ "and59:B", "and58:B", "green", [ "h0", "v-9.6", "h-19.2", "v-38.4" ] ],
    [ "and58:B", "and57:B", "green", [ "h1.62", "v-9.2", "h-28.8", "v-48" ] ],
    [ "gnd15:GND", "led48:C", "black", [ "v0" ] ],
    [ "led48:C", "led49:C", "green", [ "v0" ] ],
    [ "led49:C", "led50:C", "green", [ "v0" ] ],
    [ "led50:C", "led51:C", "green", [ "v0" ] ],
    [ "led47:C", "gnd16:GND", "green", [ "v0" ] ],
    [ "led47:C", "led46:C", "green", [ "v0" ] ],
    [ "led45:C", "led46:C", "green", [ "v0" ] ],
    [ "led45:C", "led44:C", "green", [ "v0" ] ],
    [ "btn6:1.r", "vcc8:VCC", "green", [ "v0" ] ],
    [ "flop41:Q", "and57:A", "green", [ "v0" ] ],
    [ "flop42:Q", "and58:A", "green", [ "v-28.8", "h9.6" ] ],
    [ "flop43:Q", "and59:A", "green", [ "v0", "h19.2", "v-19.2" ] ],
    [ "flop44:Q", "and60:A", "green", [ "v0", "h28.8", "v-38.4" ] ],
    [ "flop45:Q", "and56:A", "green", [ "v0" ] ],
    [ "flop46:Q", "and46:A", "green", [ "v0", "h19.2", "v-19.2" ] ],
    [ "flop47:Q", "and55:A", "green", [ "v0", "h14.4", "v-19.2" ] ],
    [ "flop48:Q", "and54:A", "green", [ "v0" ] ],
    [
      "flop48:CLK",
      "flop25:CLK",
      "green",
      [ "h-9.6", "v230.4", "h-883.2", "v28.8", "h-259.2", "v-9.6", "h-134.4", "v105.6", "h28.8" ]
    ],
    [ "and51:OUT", "mux18:B", "green", [ "v19.2" ] ],
    [ "and50:OUT", "mux17:B", "green", [ "v9.6" ] ],
    [ "flop41:Q", "mux17:A", "green", [ "v-38.4", "h-220.8" ] ],
    [ "flop42:Q", "mux18:A", "green", [ "v-19.2", "h-220.8" ] ],
    [ "and52:OUT", "mux19:B", "green", [ "v19.2" ] ],
    [ "flop43:Q", "mux19:A", "green", [ "v-19.2", "h-115.2", "v19.2", "h-96" ] ],
    [ "and53:OUT", "mux20:B", "green", [ "v9.6" ] ],
    [ "flop44:Q", "mux20:A", "green", [ "v-19.2", "h-124.8", "v28.8", "h-96", "v-9.6" ] ],
    [ "mux17:SEL", "mux18:SEL", "green", [ "v0", "h28.8", "v67.2" ] ],
    [ "mux18:SEL", "mux19:SEL", "green", [ "v0", "h-19.2", "v67.2" ] ],
    [ "mux19:SEL", "mux20:SEL", "green", [ "v0", "h19.2", "v67.2" ] ],
    [ "mux17:OUT", "flop41:D", "green", [ "v-9.6", "h19.2" ] ],
    [ "mux18:OUT", "flop42:D", "green", [ "v0" ] ],
    [ "mux19:OUT", "flop43:D", "green", [ "v-19.2", "h9.6" ] ],
    [ "mux20:OUT", "flop44:D", "green", [ "v0", "h9.6", "v-28.8" ] ],
    [ "and45:OUT", "mux21:B", "green", [ "v19.2" ] ],
    [ "and47:OUT", "mux22:B", "green", [ "v19.2" ] ],
    [ "and48:OUT", "mux23:B", "green", [ "v9.6" ] ],
    [ "and49:OUT", "mux24:B", "green", [ "v28.8" ] ],
    [ "mux21:SEL", "mux22:SEL", "green", [ "v0", "h19.2", "v57.6" ] ],
    [ "mux22:SEL", "mux23:SEL", "green", [ "v0", "h-19.2", "v48" ] ],
    [ "mux23:SEL", "mux24:SEL", "green", [ "v0", "h28.8", "v57.6" ] ],
    [ "mux24:SEL", "btn6:2.r", "green", [ "v57.6", "h-9.6" ] ],
    [ "flop45:Q", "mux21:A", "green", [ "v-28.8", "h-220.8", "v-9.6" ] ],
    [ "flop46:Q", "mux22:A", "green", [ "v-19.2", "h-220.8" ] ],
    [ "flop47:Q", "mux23:A", "green", [ "v-19.2", "h-230.4" ] ],
    [ "flop48:Q", "mux24:A", "green", [ "v-28.8", "h-230.4" ] ],
    [ "mux20:SEL", "mux21:SEL", "green", [ "v0" ] ],
    [ "mux24:OUT", "flop48:D", "green", [ "v0" ] ],
    [ "mux23:OUT", "flop47:D", "green", [ "v0" ] ],
    [ "mux22:OUT", "flop46:D", "green", [ "v-9.6" ] ],
    [ "mux21:OUT", "flop45:D", "green", [ "v0" ] ],
    [ "flop48:CLK", "flop47:CLK", "green", [ "h0" ] ],
    [ "flop47:CLK", "flop46:CLK", "green", [ "h-38.4", "v-67.2" ] ],
    [ "flop46:CLK", "flop45:CLK", "green", [ "h-38.4", "v-57.6" ] ],
    [ "flop45:CLK", "flop44:CLK", "green", [ "h-28.8", "v-38.4", "h48" ] ],
    [ "flop44:CLK", "flop43:CLK", "green", [ "h0" ] ],
    [ "flop43:CLK", "flop42:CLK", "green", [ "h0" ] ],
    [ "flop42:CLK", "flop41:CLK", "green", [ "h-19.2" ] ]
  ],
  "dependencies": {}
}